SZU,Charge_Point,Charge_Point_2
Aberfoyle,"30° 21'30""S","152° 2'30""E"
Adaminaby,"35° 58'30""S","148° 51'0""E"
Adelaide,"34° 56'0""S","138° 35'30""E"
Adelong,"35° 18'35""S","148° 1'0""E"
Agnes Water,"24° 17'0""S","151° 49'0""E"
Aireys Inlet,"38° 25'40""S","144° 2'30""E"
Airlands,"30° 56'40""S","149° 33'30""E"
Ajana,"28° 5'0""S","114° 38'30""E"
Albany,"34° 56'0""S","117° 49'0""E"
Albert,"32° 24'0""S","147° 34'30""E"
Albury,"36° 4'30""S","146° 58'0""E"
Aldersyde,"32° 25'30""S","117° 18'30""E"
Alectown,"32° 56'30""S","148° 13'0""E"
Alexandra,"37° 13'30""S","145° 44'0""E"
Alford,"33° 47'30""S","137° 49'30""E"
Alice Springs,"23° 42'30""S","133° 52'0""E"
Alleena,"34° 8'30""S","147° 4'30""E"
Allora,"28° 2'0""S","151° 57'30""E"
Alpha,"23° 19'0""S","147° 20'30""E"
Alyangula,"13° 51'0""S","136° 25'0""E"
Amelup,"34° 10'30""S","118° 13'30""E"
Amphitheatre,"37° 15'30""S","143° 30'15""E"
Anabranch,"33° 45'0""S","141° 47'30""E"
Andamooka,"30° 28'0""S","135° 58'0""E"
Ando,"36° 37'40""S","149° 15'40""E"
Anembo,"35° 40'0""S","149° 21'0""E"
Anglesea,"38° 20'0""S","144° 7'0""E"
Annuello,"34° 52'0""S","142° 49'0""E"
Apollo Bay,"38° 43'0""S","143° 37'40""E"
Apsley,"37° 1'30""S","141° 6'30""E"
Aramac,"22° 38'0""S","145° 28'0""E"
Ararat,"37° 16'0""S","142° 59'0""E"
Arcadia Valley,"25° 30'0""S","148° 22'0""E"
Ardath,"32° 6'30""S","118° 1'30""E"
Ardlethan,"34° 20'30""S","146° 55'0""E"
Ardrossan,"34° 18'0""S","137° 54'30""E"
Ariah Park,"34° 26'30""S","147° 10'20""E"
Armadale,"32° 8'45""S","116° 0'15""E"
Armidale,"30° 30'0""S","151° 39'30""E"
Arnhem (Ext),"12° 41'0""S","133° 42'0""E"
Arno Bay,"33° 52'0""S","136° 28'30""E"
Arrowsmith,"29° 25'0""S","115° 25'0""E"
Arthur River,"33° 21'0""S","117° 4'50""E"
Arthurton,"34° 14'0""S","137° 40'0""E"
Arumpo,"34° 8'30""S","142° 22'30""E"
Atherton,"17° 13'0""S","145° 31'30""E"
Atholwood,"28° 56'30""S","151° 3'0""E"
Auburn (Ext) (QLD),"26° 9'30""S","150° 36'0""E"
Auburn (SA),"34° 7'0""S","138° 38'30""E"
Augathella,"26° 7'0""S","146° 17'0""E"
Augusta,"34° 12'0""S","115° 8'0""E"
Aurukun,"14° 16'0""S","142° 59'0""E"
Avalon Beach,"33° 35'0""S","151° 9'30""E"
Avenue Range,"36° 54'30""S","140° 14'0""E"
Avoca (TAS),"41° 49'30""S","147° 42'0""E"
Avoca (VIC),"37° 5'30""S","143° 24'30""E"
Ayr,"19° 33'0""S","147° 23'30""E"
Baan Baa,"30° 32'30""S","150° 2'30""E"
Baandee,"31° 26'30""S","117° 58'0""E"
Babinda,"17° 19'0""S","145° 58'0""E"
Bacchus Marsh,"37° 38'30""S","144° 28'0""E"
Baden,"42° 27'30""S","147° 32'0""E"
Badgebup,"33° 40'30""S","117° 46'0""E"
Badgebup North,"33° 30'30""S","117° 52'30""E"
Badgerin Rock,"30° 35'0""S","117° 21'30""E"
Badgingarra,"30° 26'30""S","115° 42'30""E"
Baerami,"32° 20'30""S","150° 26'0""E"
Bairnsdale,"37° 48'30""S","147° 41'0""E"
Bajool,"23° 35'0""S","150° 43'30""E"
Bakers Hill,"31° 41'0""S","116° 30'30""E"
Balaklava,"34° 12'30""S","138° 23'0""E"
Baldry,"32° 53'30""S","148° 30'30""E"
Balingup,"33° 47'30""S","116° 5'0""E"
Balkuling,"31° 55'30""S","117° 6'0""E"
Balla,"28° 9'0""S","114° 52'0""E"
Balladoran,"31° 54'0""S","148° 39'0""E"
Ballan,"37° 34'0""S","144° 18'0""E"
Ballandean,"28° 50'30""S","151° 52'0""E"
Ballarat,"37° 32'0""S","143° 57'0""E"
Balldale,"35° 51'10""S","146° 29'20""E"
Balliang,"37° 48'30""S","144° 23'30""E"
Ballidu,"30° 32'0""S","116° 44'0""E"
Ballimore,"32° 11'10""S","149° 1'0""E"
Ballina,"28° 49'30""S","153° 30'0""E"
Ballugan,"25° 54'0""S","152° 16'0""E"
Balmoral,"37° 18'30""S","141° 52'0""E"
Balonne (Ext),"28° 2'0""S","147° 54'0""E"
Balranald,"34° 37'0""S","143° 33'0""E"
Bambaroo,"18° 48'30""S","146° 13'0""E"
Bambilla (Ext),"32° 46'0""S","144° 6'0""E"
Banana,"24° 27'0""S","150° 13'30""E"
Banar,"33° 16'0""S","147° 10'0""E"
Bandon Grove,"32° 15'0""S","151° 42'0""E"
Bangerang,"36° 16'0""S","142° 38'30""E"
Bangham,"36° 34'0""S","140° 52'0""E"
Bankstown,"33° 52'0""S","151° 12'0""E"
Bannockburn,"38° 0'0""S","144° 8'0""E"
Banoon,"30° 34'10""S","150° 33'20""E"
Banyena,"36° 35'30""S","142° 45'30""E"
Baradine,"31° 4'0""S","149° 8'30""E"
Baralaba,"24° 15'20""S","149° 51'50""E"
Barcaldine,"23° 24'30""S","145° 16'30""E"
Barcoo (Ext),"24° 32'0""S","145° 5'0""E"
Barellan,"34° 20'0""S","146° 33'0""E"
Barham,"35° 32'30""S","144° 11'0""E"
Barkly (Ext),"20° 35'0""S","138° 57'0""E"
Barmedman,"34° 9'30""S","147° 25'30""E"
Barmedman East,"34° 8'0""S","147° 35'0""E"
Barmera,"34° 14'30""S","140° 23'0""E"
Barnawartha,"36° 7'30""S","146° 45'0""E"
Barraba,"30° 25'0""S","150° 44'0""E"
Barrallier,"34° 22'30""S","150° 12'0""E"
Barrier (Ext),"31° 37'0""S","145° 33'0""E"
Barrinford (Ext),"29° 9'0""S","145° 12'0""E"
Barwick,"29° 0'0""S","151° 43'30""E"
Barwon Downs,"38° 30'0""S","143° 44'0""E"
Batchelor,"13° 3'0""S","130° 56'0""E"
Batemans Bay,"35° 40'30""S","150° 10'0""E"
Bathurst,"33° 25'30""S","149° 34'0""E"
Batlow,"35° 31'0""S","148° 7'30""E"
Bauhinia,"24° 32'30""S","149° 36'0""E"
Baw Baw,"37° 52'0""S","146° 23'15""E"
Bawley Point,"35° 26'30""S","150° 18'0""E"
Bayley Plains,"33° 35'0""S","135° 58'0""E"
Beacon,"30° 32'0""S","117° 53'10""E"
Beacon North,"30° 16'30""S","117° 53'30""E"
Beaconsfield,"41° 10'30""S","146° 48'0""E"
Bealiba,"36° 48'0""S","143° 37'0""E"
Beaudesert,"27° 58'30""S","152° 58'30""E"
Beaufort,"37° 24'45""S","143° 25'20""E"
Beaufort River,"33° 33'0""S","117° 10'0""E"
Beazleys Bridge,"36° 49'0""S","143° 14'0""E"
Bedford Harbour,"33° 39'30""S","120° 33'30""E"
Bedgerebong,"33° 17'30""S","147° 42'30""E"
Beeac,"38° 12'0""S","143° 37'25""E"
Beebo,"28° 42'30""S","151° 0'0""E"
Beech Forest,"38° 32'0""S","143° 29'15""E"
Beechmont,"28° 9'0""S","153° 14'30""E"
Beechworth,"36° 21'0""S","146° 43'0""E"
Beedelup,"34° 21'0""S","115° 56'30""E"
Beenleigh,"27° 40'0""S","153° 5'30""E"
Bega,"36° 37'0""S","149° 46'0""E"
Belka East,"31° 46'0""S","118° 27'0""E"
Bell,"27° 2'0""S","151° 31'0""E"
Bellata,"29° 56'0""S","149° 51'30""E"
Bellingen,"30° 26'30""S","152° 55'30""E"
Belyando (Ext),"23° 19'0""S","147° 20'30""E"
Bemboka,"36° 34'0""S","149° 34'0""E"
Ben Lomond,"29° 58'25""S","151° 37'30""E"
Benalla,"36° 34'0""S","145° 54'30""E"
Benaraby,"24° 1'30""S","151° 25'30""E"
Benayeo,"36° 53'0""S","141° 4'30""E"
Bencubbin,"30° 44'0""S","117° 53'0""E"
Bendemeer,"30° 50'0""S","151° 6'0""E"
Bendigo,"36° 47'0""S","144° 16'30""E"
Bendoc,"37° 11'30""S","149° 2'45""E"
Berkley Downs,"30° 12'30""S","148° 30'0""E"
Berri,"34° 16'30""S","140° 35'0""E"
Berridale,"36° 18'30""S","148° 46'0""E"
Berrigan,"35° 40'30""S","145° 48'0""E"
Berriwillock,"35° 38'0""S","143° 2'0""E"
Berry,"34° 44'30""S","150° 36'0""E"
Bessiebelle,"38° 8'0""S","141° 58'0""E"
Bethungra,"34° 43'30""S","147° 51'0""E"
Beulah,"36° 1'0""S","142° 21'30""E"
Bevendale,"34° 37'0""S","149° 6'30""E"
Beverley,"32° 7'30""S","117° 0'30""E"
Beverley West,"32° 10'0""S","116° 43'0""E"
Bibby Springs,"30° 31'30""S","115° 17'0""E"
Bicheno,"41° 52'30""S","148° 12'30""E"
Bidaminna,"31° 9'4""S","115° 34'3""E"
Bidgeemia,"35° 25'30""S","146° 37'30""E"
Biggenden,"25° 29'30""S","152° 3'0""E"
Billa Billa,"28° 10'0""S","150° 18'0""E"
Biloela,"24° 25'0""S","150° 35'0""E"
Bimbadeen,"26° 2'0""S","149° 37'20""E"
Binalong,"34° 44'30""S","148° 38'0""E"
Binda,"34° 15'0""S","149° 13'30""E"
Bindogundra,"33° 6'30""S","148° 26'0""E"
Bindoon,"31° 18'20""S","116° 5'0""E"
Bingara,"29° 58'30""S","150° 39'30""E"
Bingegang (Ext),"23° 23'0""S","148° 55'0""E"
Binnaway,"31° 32'0""S","149° 21'0""E"
Birchip,"36° 0'0""S","143° 0'0""E"
Birregurra,"38° 22'10""S","143° 48'30""E"
Birriwa,"32° 11'30""S","149° 29'0""E"
Black Stump,"33° 46'30""S","145° 27'30""E"
Blackall,"24° 25'0""S","145° 27'30""E"
Blackbutt,"26° 51'30""S","152° 9'0""E"
Blacktown,"33° 44'30""S","150° 53'30""E"
Blackwater,"23° 35'30""S","148° 57'0""E"
Blanchetown,"34° 21'30""S","139° 40'30""E"
Blayney,"33° 31'0""S","149° 18'0""E"
Blessington,"41° 34'0""S","147° 28'0""E"
Blighty,"35° 32'30""S","145° 15'0""E"
Bloomfield,"14° 16'0""S","142° 59'0""E"
Blyth,"33° 52'40""S","138° 29'30""E"
Bobadah,"32° 22'30""S","146° 43'0""E"
Bobundara,"36° 31'50""S","149° 4'30""E"
Bodallin,"31° 20'0""S","118° 53'0""E"
Bodallin North,"31° 10'30""S","118° 55'0""E"
Boddington,"32° 44'22""S","116° 33'40""E"
Bogan Gate,"33° 4'30""S","147° 54'0""E"
Boggabri,"30° 46'0""S","150° 5'30""E"
Bohena,"30° 29'0""S","149° 40'30""E"
Bokerup,"34° 13'0""S","116° 57'30""E"
Bolgart,"31° 16'30""S","116° 31'0""E"
Bollon,"28° 2'0""S","147° 54'0""E"
Bombala,"36° 53'0""S","149° 12'30""E"
Bonalbo,"28° 42'0""S","152° 38'0""E"
Bonang,"37° 9'30""S","148° 45'0""E"
Bonnay,"30° 17'0""S","148° 9'0""E"
Bonnie Doon,"37° 0'55""S","145° 51'30""E"
Bonnie Rock,"30° 36'30""S","118° 19'0""E"
Bonshaw,"29° 6'0""S","151° 17'30""E"
Booborowie,"33° 39'30""S","138° 48'45""E"
Booleroo Centre,"32° 51'30""S","138° 19'30""E"
Boomi,"28° 52'0""S","149° 34'30""E"
Boona Mountain,"32° 38'0""S","147° 16'0""E"
Boonah,"27° 59'0""S","152° 43'0""E"
Boondooma,"26° 14'0""S","151° 19'0""E"
Boorolong,"30° 23'30""S","151° 26'0""E"
Boorooma,"29° 56'0""S","147° 39'30""E"
Booroorban,"34° 50'0""S","144° 49'30""E"
Boorowa,"34° 24'25""S","148° 47'50""E"
Boort,"36° 5'30""S","143° 54'0""E"
Booyal,"25° 16'30""S","152° 4'30""E"
Borah Tank,"29° 45'30""S","148° 5'0""E"
Borden,"33° 57'30""S","118° 20'30""E"
Bordertown,"36° 22'0""S","140° 49'0""E"
Boree Creek,"35° 3'0""S","146° 40'30""E"
Borroloola,"16° 10'0""S","134° 46'0""E"
Boscabel,"33° 43'30""S","117° 11'0""E"
Bothwell,"42° 25'0""S","146° 55'0""E"
Boulia,"23° 49'0""S","139° 47'0""E"
Boundary Bend,"34° 43'0""S","143° 4'30""E"
Bourke,"30° 3'30""S","146° 8'0""E"
Bow Bridge,"34° 55'0""S","117° 8'30""E"
Bow Hill,"34° 51'0""S","139° 38'30""E"
Bowen,"20° 3'30""S","148° 5'30""E"
Bowenville,"27° 15'0""S","151° 27'30""E"
Bower,"34° 10'0""S","139° 21'0""E"
Bowral,"34° 31'30""S","150° 21'0""E"
Bowraville,"30° 36'0""S","152° 46'0""E"
Box Creek (Ext),"34° 6'0""S","143° 39'0""E"
Boyup Brook,"33° 54'0""S","116° 24'0""E"
Bradfords,"32° 48'0""S","116° 58'30""E"
Braemer (Ext),"33° 24'0""S","141° 6'0""E"
Braidwood,"35° 21'0""S","149° 49'0""E"
Branxton,"32° 40'30""S","151° 21'0""E"
Brassi,"35° 29'30""S","144° 39'30""E"
Breadalbane,"34° 52'30""S","149° 30'30""E"
Bredbo,"35° 54'0""S","149° 16'0""E"
Breeza,"31° 13'0""S","150° 27'30""E"
Bremer Bay,"34° 23'30""S","119° 12'0""E"
Brewarrina,"30° 1'30""S","146° 47'30""E"
Briaba,"20° 17'0""S","147° 59'30""E"
Bribbaree,"34° 9'30""S","148° 0'0""E"
Bribie Island,"27° 4'30""S","153° 10'45""E"
Bridgetown,"33° 59'0""S","116° 10'30""E"
Bridgewater,"36° 34'0""S","144° 0'30""E"
Bridport,"41° 2'30""S","147° 22'0""E"
Brigalow,"26° 50'0""S","150° 47'0""E"
Bright,"36° 45'0""S","146° 55'0""E"
Brighton,"42° 41'30""S","147° 13'0""E"
Bringalily,"28° 1'30""S","151° 12'0""E"
Brinkworth,"33° 39'30""S","138° 25'30""E"
Brisbane,"27° 27'30""S","153° 1'0""E"
Broadford,"37° 15'0""S","145° 8'0""E"
Broadsound (Ext),"22° 46'30""S","150° 8'30""E"
Broke,"32° 44'0""S","151° 8'30""E"
Broken Hill,"32° 3'30""S","141° 34'30""E"
Brooklands,"26° 39'30""S","151° 52'30""E"
Brookstead,"27° 46'30""S","151° 30'5""E"
Brookton,"32° 21'30""S","117° 4'0""E"
Broome,"17° 58'0""S","122° 13'30""E"
Broomehill,"33° 50'30""S","117° 46'0""E"
Brooweena,"25° 41'0""S","152° 22'0""E"
Broughton,"36° 10'30""S","141° 22'30""E"
Bruce Rock,"31° 49'45""S","118° 8'0""E"
Bruie Plains,"32° 50'30""S","147° 52'0""E"
Brunswick Junction,"33° 16'0""S","115° 53'30""E"
Bruthen,"37° 38'0""S","147° 52'0""E"
Brymaroo,"27° 11'45""S","151° 41'0""E"
Buangor,"37° 18'0""S","143° 10'0""E"
Buchan,"37° 29'30""S","148° 11'0""E"
Buckinguy,"31° 0'0""S","147° 37'30""E"
Buckland (Ext),"24° 18'0""S","148° 3'0""E"
Buckrabanyule,"36° 13'30""S","143° 33'0""E"
Buffalo,"38° 42'30""S","145° 58'0""E"
Buffalo River,"36° 44'30""S","146° 41'0""E"
Bulahdelah,"32° 26'30""S","152° 15'30""E"
Bullaring,"32° 24'0""S","117° 38'0""E"
Bullfinch,"31° 1'30""S","119° 19'30""E"
Bullsbrook East,"31° 32'0""S","116° 3'0""E"
Bunbury,"33° 19'30""S","115° 43'30""E"
Bunda,"33° 39'0""S","145° 50'0""E"
Bundaberg,"24° 50'30""S","152° 20'30""E"
Bundanoon,"34° 41'0""S","150° 14'30""E"
Bundarra,"30° 13'30""S","151° 10'0""E"
Bundella,"31° 34'30""S","150° 3'10""E"
Bundure,"35° 12'55""S","145° 58'10""E"
Bungendore,"35° 17'30""S","149° 24'0""E"
Bungonia,"34° 54'30""S","149° 50'0""E"
Buninyong,"37° 44'30""S","143° 59'0""E"
Bunker (Ext),"24° 07'00""S","152° 43'00""E"
Bunnan,"31° 57'50""S","150° 38'55""E"
Bunnor,"29° 26'0""S","149° 29'0""E"
Bunya Mountains,"26° 50'50""S","151° 29'30""E"
Bunyip,"38° 7'0""S","145° 42'0""E"
Burakin,"30° 30'15""S","117° 4'30""E"
Burcher,"33° 41'0""S","147° 11'30""E"
Burdekin (Ext),"19° 40'0""S","145° 27'30""E"
Burketown,"20° 35'0""S","138° 57'0""E"
Burnett (Ext),"25° 22'30""S","151° 19'0""E"
Burnie,"41° 11'0""S","145° 53'30""E"
Burra (NSW),"34° 55'30""S","147° 57'30""E"
Burra (SA),"33° 42'30""S","138° 59'30""E"
Burracoppin,"31° 22'30""S","118° 26'30""E"
Burracoppin South,"31° 33'30""S","118° 28'30""E"
Burraga,"33° 52'0""S","149° 40'30""E"
Burren Junction,"30° 9'30""S","148° 57'30""E"
Burrinjuck,"34° 55'0""S","148° 37'0""E"
Busselton,"33° 42'0""S","115° 27'0""E"
Bute,"33° 56'0""S","137° 59'30""E"
Byabarra,"31° 30'30""S","152° 30'30""E"
Byfield,"22° 56'30""S","150° 42'0""E"
Byford,"32° 20'30""S","115° 59'30""E"
Bylong,"32° 31'0""S","150° 10'30""E"
Cabbage Tree Creek,"37° 42'0""S","148° 44'0""E"
Caboolture,"27° 4'0""S","152° 59'30""E"
Cabramurra,"36° 1'0""S","148° 25'0""E"
Cadoux,"30° 43'30""S","117° 1'0""E"
Cairlocup,"33° 46'30""S","118° 46'0""E"
Cairns,"16° 55'30""S","145° 47'0""E"
Caldwell,"35° 41'0""S","144° 37'0""E"
Calen,"20° 58'30""S","148° 45'0""E"
Calingiri,"31° 2'30""S","116° 30'30""E"
Callington,"35° 3'0""S","139° 1'0""E"
Calliope,"24° 4'30""S","151° 12'30""E"
Caloundra,"26° 51'30""S","152° 58'30""E"
Caltowie,"33° 5'30""S","138° 34'0""E"
Cambooya,"27° 38'30""S","151° 47'0""E"
Camden,"34° 1'30""S","150° 33'30""E"
Camooweal,"20° 35'0""S","138° 57'0""E"
Campbell Town,"42° 0'20""S","147° 27'0""E"
Campbelltown,"34° 8'0""S","150° 47'30""E"
Camperdown,"38° 10'0""S","143° 9'30""E"
Canberra,"35° 14'30""S","149° 9'0""E"
Candelo,"36° 49'30""S","149° 38'30""E"
Cann River,"37° 34'30""S","149° 8'30""E"
Cannawigara,"36° 19'30""S","140° 35'0""E"
Cannon Valley,"20° 21'10""S","148° 45'45""E"
Canowindra,"33° 35'0""S","148° 39'0""E"
Cape River (Ext),"20° 43'0""S","145° 57'0""E"
Capel,"33° 31'45""S","115° 36'0""E"
Capella,"23° 12'30""S","148° 5'30""E"
Captains Flat,"35° 31'10""S","149° 21'10""E"
Carabost,"35° 32'30""S","147° 43'0""E"
Caragabal,"33° 47'30""S","147° 51'30""E"
Caramut,"38° 1'0""S","142° 37'0""E"
Carbine Creek,"23° 14'36""S","147° 34'20""E"
Careunga,"29° 8'0""S","149° 56'0""E"
Carinda,"30° 35'30""S","147° 50'0""E"
Carisbrook,"37° 4'0""S","143° 49'30""E"
Carmila,"21° 43'0""S","149° 22'0""E"
Carnamah,"29° 43'0""S","115° 57'30""E"
Carnamah West,"29° 43'30""S","115° 37'30""E"
Carnarvon,"24° 52'0""S","113° 43'0""E"
Caroda,"29° 58'0""S","150° 24'0""E"
Carpentaria (Ext),"16° 10'0""S","134° 46'0""E"
Carrathool,"34° 42'0""S","145° 14'0""E"
Carrieton,"32° 25'30""S","138° 31'44""E"
Cascade,"33° 28'50""S","121° 11'0""E"
Casino,"28° 52'30""S","153° 6'0""E"
Cassilis,"32° 1'0""S","149° 57'15""E"
Casterton,"37° 33'10""S","141° 25'30""E"
Castle Rock,"32° 12'0""S","150° 37'30""E"
Castlemaine,"37° 8'0""S","144° 14'0""E"
Cathcart,"36° 48'0""S","149° 27'30""E"
Cavan,"35° 3'30""S","148° 46'0""E"
Cavendish,"37° 27'30""S","142° 2'0""E"
Cecil Plains,"27° 34'30""S","151° 14'0""E"
Ceduna,"32° 6'30""S","133° 42'0""E"
Cessnock,"32° 53'20""S","151° 16'50""E"
Chahpingah,"26° 30'30""S","151° 32'0""E"
Charleville,"26° 24'0""S","146° 15'0""E"
Charlton,"36° 16'30""S","143° 22'30""E"
Charters Towers,"20° 2'30""S","146° 21'30""E"
Cheshunt,"36° 46'0""S","146° 23'30""E"
Chetwynd,"37° 21'0""S","141° 22'30""E"
Childers,"25° 14'30""S","152° 16'30""E"
Chillagoe,"16° 53'0""S","143° 44'0""E"
Chiltern,"36° 12'0""S","146° 35'0""E"
Chinchilla,"26° 39'0""S","150° 42'0""E"
Chittinup,"33° 44'0""S","116° 52'0""E"
Christmas Island,"10° 30'00""S","105° 40'00""E"
Clare,"33° 52'0""S","138° 42'0""E"
Clarence Town,"32° 34'0""S","151° 45'0""E"
Clarke (Ext),"19° 12'0""S","145° 26'30""E"
Clayton,"37° 49'0""S","144° 57'0""E"
Clear Lake,"36° 55'30""S","141° 57'0""E"
Cleary North,"30° 24'30""S","117° 41'0""E"
Clermont,"22° 49'36""S","147° 38'25""E"
Cleve,"33° 37'30""S","136° 29'30""E"
Cleveland,"27° 34'0""S","153° 13'30""E"
Clifton,"27° 53'0""S","152° 2'30""E"
Cloncurry,"20° 42'30""S","140° 29'0""E"
Club Terrace,"37° 40'0""S","148° 56'30""E"
Clydebank,"38° 4'30""S","147° 14'0""E"
Coalbaggie,"31° 59'0""S","148° 22'0""E"
Cobar,"31° 30'30""S","145° 49'30""E"
Cobargo,"36° 24'0""S","149° 56'0""E"
Cobden,"38° 22'30""S","143° 2'45""E"
Cobram,"35° 58'0""S","145° 42'0""E"
Cockatoo,"25° 40'48""S","150° 7'30""E"
Cocos (Keeling) Island,"12° 10'00""S","096° 53'00""E"
Coen,"14° 16'0""S","142° 59'0""E"
Coffin Bay,"34° 36'0""S","135° 26'0""E"
Coffs Harbour,"30° 15'0""S","153° 2'30""E"
Cohuna,"35° 50'10""S","144° 15'0""E"
Colac,"38° 21'0""S","143° 36'0""E"
Colane,"31° 17'30""S","147° 19'30""E"
Colbinabbin,"36° 35'30""S","144° 43'30""E"
Coleambally,"34° 46'5""S","145° 55'30""E"
Colebatch,"36° 1'0""S","139° 48'0""E"
Colebrook,"42° 33'0""S","147° 24'0""E"
Coleraine,"37° 33'30""S","141° 44'0""E"
Collarenebri,"29° 32'25""S","148° 32'45""E"
Collie (NSW),"31° 39'50""S","148° 19'0""E"
Collie (WA),"33° 24'30""S","116° 7'0""E"
Collinsville,"20° 35'0""S","147° 53'0""E"
Collurabbie (Ext),"27° 52'0""S","121° 57'0""E"
Colo Heights,"33° 24'0""S","150° 47'30""E"
Colston Park,"21° 27'0""S","149° 1'0""E"
Comara,"30° 50'45""S","152° 27'0""E"
Combienbar,"37° 27'30""S","149° 0'30""E"
Comboyne,"31° 41'0""S","152° 21'40""E"
Comet,"23° 34'30""S","148° 26'0""E"
Conargo,"35° 21'0""S","145° 5'0""E"
Condamine,"26° 52'30""S","150° 9'30""E"
Condingup,"33° 44'30""S","122° 33'30""E"
Condobolin,"33° 2'0""S","147° 6'0""E"
Congee,"33° 29'30""S","117° 34'30""E"
Conmurra,"37° 8'0""S","140° 18'30""E"
Connors Range (Ext),"21° 26'0""S","148° 35'0""E"
Coober Pedy,"29° 1'0""S","134° 45'0""E"
Coojar,"37° 24'30""S","141° 36'30""E"
Cooktown,"15° 28'30""S","145° 3'0""E"
Coolabah,"31° 5'30""S","146° 48'30""E"
Coolac,"34° 51'30""S","148° 16'0""E"
Coolah,"31° 54'0""S","149° 44'0""E"
Coolamon,"34° 51'10""S","147° 19'35""E"
Coolatai,"29° 15'0""S","150° 47'30""E"
Cooma,"36° 11'30""S","149° 7'30""E"
Coomalbidgup,"33° 36'30""S","121° 27'30""E"
Coomallo,"30° 14'0""S","115° 20'0""E"
Coomberdale,"30° 26'30""S","116° 1'0""E"
Coominya,"27° 23'0""S","152° 23'50""E"
Coonabarabran,"31° 19'30""S","149° 17'0""E"
Coonalpyn,"35° 49'0""S","139° 47'0""E"
Coonamble,"30° 56'0""S","148° 21'30""E"
Coonawarra,"37° 16'30""S","140° 49'30""E"
Coondarra,"26° 9'30""S","150° 36'0""E"
Coopernook,"31° 43'0""S","152° 37'0""E"
Coorabie,"31° 29'0""S","131° 57'0""E"
Coorow,"29° 50'0""S","116° 6'0""E"
Coorow West,"29° 55'0""S","115° 50'30""E"
Cooroy,"26° 28'30""S","152° 53'0""E"
Cootamundra,"34° 40'0""S","148° 4'45""E"
Cooyar,"27° 1'0""S","151° 53'30""E"
Copeton Dam,"29° 51'0""S","150° 50'0""E"
Copeville,"34° 45'30""S","139° 55'30""E"
Copmanhurst,"29° 29'20""S","152° 41'0""E"
Coppabella,"35° 44'0""S","147° 34'0""E"
Corackerup,"34° 6'30""S","118° 39'30""E"
Cornalla,"35° 43'30""S","145° 6'0""E"
Corowa,"36° 3'0""S","146° 25'0""E"
Corrigin,"32° 21'30""S","117° 59'0""E"
Corrigin West,"32° 11'0""S","117° 48'30""E"
Corryong,"36° 7'25""S","147° 52'40""E"
Cottonvale,"28° 30'30""S","151° 54'0""E"
Coulta,"34° 24'0""S","135° 28'0""E"
Courela,"32° 30'52""S","134° 24'50""E"
Coutts Crossing,"29° 54'0""S","152° 53'30""E"
Cowabbie,"34° 39'0""S","146° 57'30""E"
Cowangie,"35° 13'30""S","141° 30'30""E"
Cowell,"33° 40'30""S","136° 54'30""E"
Cowes,"38° 29'0""S","145° 15'0""E"
Cowra,"33° 49'30""S","148° 42'0""E"
Cracow,"25° 10'0""S","150° 10'0""E"
Craigieburn,"37° 49'0""S","144° 57'0""E"
Craigleigh,"30° 7'10""S","150° 53'45""E"
Cranbourne,"38° 8'30""S","145° 20'0""E"
Cranbrook,"34° 11'50""S","117° 32'0""E"
Creightons Creek,"36° 53'30""S","145° 34'30""E"
Cressy,"38° 1'0""S","143° 38'30""E"
Creswick,"37° 20'0""S","143° 54'30""E"
Crookwell,"34° 25'30""S","149° 32'10""E"
Croppa Creek,"29° 8'40""S","150° 11'0""E"
Crossdale,"27° 16'30""S","152° 37'30""E"
Crows Nest,"27° 10'30""S","152° 3'30""E"
Croydon,"37° 49'0""S","145° 21'0""E"
Croydon (QLD),"18° 2'0""S","140° 21'0""E"
Crymelon,"36° 7'0""S","142° 10'30""E"
Crystal Brook,"33° 19'0""S","138° 12'30""E"
Cuballing,"32° 46'0""S","117° 9'0""E"
Cudal,"33° 23'30""S","148° 46'30""E"
Cudgewa,"36° 10'40""S","147° 40'0""E"
Cue,"28° 18'0""S","118° 21'0""E"
Culburra,"35° 43'0""S","139° 58'0""E"
Culcairn,"35° 39'30""S","146° 59'30""E"
Culgoa (Ext) (QLD),"28° 45'0""S","147° 51'0""E"
Culgoa (VIC),"35° 45'30""S","143° 12'0""E"
Cumborah,"29° 45'0""S","147° 51'30""E"
Cummins,"34° 19'30""S","135° 45'30""E"
Cumnock,"32° 50'30""S","148° 47'0""E"
Cunderdin,"31° 41'30""S","117° 13'15""E"
Cunderdin North,"31° 26'30""S","117° 11'30""E"
Cundinup,"33° 45'50""S","115° 44'0""E"
Cunnamulla,"28° 4'30""S","145° 41'30""E"
Cunningham,"28° 11'30""S","151° 45'0""E"
Cunninyeuk,"35° 19'0""S","143° 54'0""E"
Curban,"31° 29'30""S","148° 38'0""E"
Curlewis,"31° 15'30""S","150° 10'0""E"
Currabubula,"31° 20'0""S","150° 45'30""E"
Curramulka,"34° 46'0""S","137° 45'0""E"
Currawarna,"34° 59'50""S","147° 6'0""E"
Currie,"40° 0'30""S","143° 59'45""E"
Curyo,"35° 50'30""S","142° 46'25""E"
Cuttabri,"30° 21'30""S","149° 13'30""E"
Cuttaburra (Ext),"29° 56'0""S","144° 33'0""E"
Dadswells Bridge,"36° 52'0""S","142° 33'45""E"
Daintree,"16° 18'0""S","145° 20'0""E"
Dalbeg,"20° 11'30""S","147° 20'30""E"
Dalby,"27° 10'40""S","151° 19'45""E"
Dale River,"32° 15'0""S","116° 47'30""E"
Dalgety,"36° 29'0""S","148° 50'30""E"
Dalwallinu,"30° 18'0""S","116° 45'0""E"
Dalwallinu West,"30° 24'0""S","116° 32'30""E"
Daly (Ext),"13° 52'0""S","130° 39'0""E"
Dampier,"20° 47'30""S","116° 40'0""E"
Dandaloo,"32° 16'30""S","147° 43'30""E"
Dandaragan,"30° 40'30""S","115° 46'0""E"
Dandenong,"38° 2'15""S","145° 14'40""E"
Dangin,"32° 6'10""S","117° 15'5""E"
Dardanup,"33° 24'0""S","115° 52'0""E"
Dargo,"37°30'30""S ","147°10'15""E"
Darkan,"33° 25'30""S","116° 33'15""E"
Darke Peak,"33° 27'0""S","136° 12'30""E"
Darlington,"38° 1'45""S","143° 9'45""E"
Darlington Point,"34° 29'30""S","145° 59'30""E"
Darr Creek,"26° 36'30""S","151° 2'30""E"
Dartmoor,"37° 59'0""S","141° 15'30""E"
Dartmouth,"36° 31'30""S","147° 29'0""E"
Darwin,"12° 24'30""S","130° 56'30""E"
Davenport (Ext),"20° 17'0""S","133° 48'0""E"
Dayboro,"27° 9'30""S","152° 47'0""E"
Daylesford,"37° 21'0""S","144° 11'15""E"
De Grey (Ext),"20° 42'0""S","119° 32'0""E"
Deepwater,"29° 27'0""S","151° 58'30""E"
Delegate,"37° 0'35""S","148° 57'50""E"
Deloraine,"41° 31'30""S","146° 40'10""E"
Delungra,"29° 37'0""S","150° 50'0""E"
Denbarker,"34° 44'0""S","117° 30'30""E"
Denham,"24° 48'0""S","114° 25'30""E"
Deniliquin,"35° 32'30""S","144° 53'0""E"
Denman,"32° 24'25""S","150° 40'5""E"
Denmark,"34° 55'30""S","117° 24'0""E"
Derby,"17° 18'30""S","123° 37'30""E"
Derrinallum,"37° 51'30""S","143° 12'0""E"
Devlins Bridge,"37° 22'40""S","145° 28'0""E"
Devonport,"41° 14'30""S","146° 24'0""E"
Diamantina (Ext),"21° 52'0""S","142° 34'0""E"
Diamondy,"26° 46'0""S","151° 16'0""E"
Dimboola,"36° 25'10""S","142° 8'0""E"
Dimbulah,"17° 13'0""S","145° 4'0""E"
Dingee,"36° 23'30""S","144° 13'30""E"
Dingo,"23° 38'0""S","149° 35'0""E"
Dingo Beach,"20° 10'0""S","148° 33'30""E"
Dinner Plain,"37° 1'0""S","147° 14'0""E"
Dinninup,"33° 53'0""S","116° 35'30""E"
Dinninup North,"33° 42'0""S","116° 34'0""E"
Dirranbandi,"28° 36'30""S","148° 20'30""E"
Dolo (Ext),"31° 33'0""S","143° 12'0""E"
Donald,"36° 23'30""S","143° 1'0""E"
Dongara,"29° 6'25""S","115° 1'30""E"
Dongolocking,"33° 10'20""S","117° 45'0""E"
Donnybrook,"33° 35'0""S","115° 48'30""E"
Dookie,"36° 24'0""S","145° 39'0""E"
Doomadgee,"20° 35'0""S","138° 57'0""E"
Dorodong,"37° 21'0""S","141° 5'0""E"
Dorrigo,"30° 19'35""S","152° 39'0""E"
Double Peaks (Ext),"32° 46'0""S","145° 59'0""E"
Dover,"43° 22'30""S","146° 57'0""E"
Dowerin,"31° 8'0""S","117° 3'0""E"
Drake,"28° 58'0""S","152° 18'30""E"
Duaringa,"23° 38'0""S","149° 35'0""E"
Dubbo,"32° 11'30""S","148° 37'0""E"
Dudinin,"32° 44'30""S","117° 59'30""E"
Dukin,"30° 57'0""S","117° 22'0""E"
Dulacca,"26° 34'0""S","149° 53'30""E"
Dulyalbin,"31° 26'30""S","119° 13'30""E"
Dumbleyung,"33° 20'0""S","117° 46'0""E"
Dunalley,"42° 50'0""S","147° 48'0""E"
Dundas (Ext),"32° 10'0""S","121° 8'0""E"
Dundonnell,"37° 54'30""S","142° 59'0""E"
Dunedoo,"32° 1'0""S","149° 22'0""E"
Dungog,"32° 27'0""S","151° 42'30""E"
Dunkeld,"37° 39'0""S","142° 19'0""E"
Dunmore,"27° 42'30""S","151° 8'20""E"
Dunolly,"36° 53'30""S","143° 48'30""E"
Dunwich,"27° 28'10""S","153° 26'15""E"
Dural,"33° 37'30""S","151° 1'0""E"
Durham Downs,"26° 20'30""S","148° 58'30""E"
Dwellingup,"32° 35'30""S","116° 7'30""E"
Dyraaba,"28° 45'30""S","152° 54'0""E"
Dysart,"22° 23'30""S","148° 16'30""E"
East Gresford,"32° 30'0""S","151° 32'0""E"
Ebor,"30° 28'30""S","152° 19'0""E"
Eccleston,"32° 17'30""S","151° 28'45""E"
Echuca,"36° 6'0""S","144° 45'0""E"
Ecklin,"38° 18'45""S","142° 51'30""E"
Eddington (Ext),"20° 20'0""S","141° 45'0""E"
Eden,"37° 3'55""S","149° 43'0""E"
Edenhope,"37° 5'0""S","141° 22'0""E"
Edward River,"14° 16'0""S","142° 59'0""E"
Egansford,"34° 42'30""S","146° 9'30""E"
Eidsvold,"25° 23'0""S","151° 11'0""E"
Eildon,"37° 13'0""S","145° 57'30""E"
Ejanding,"30° 56'30""S","117° 1'0""E"
Elbow Valley,"28° 24'5""S","152° 4'30""E"
Elcombe,"29° 45'30""S","150° 24'0""E"
Ellenborough,"31° 21'0""S","152° 31'0""E"
Ellerston,"31° 52'30""S","151° 10'0""E"
Elliott (NT),"18° 24'0""S","134° 9'0""E"
Elliston,"33° 34'0""S","134° 59'10""E"
Elmhurst,"37° 9'30""S","143° 12'0""E"
Elmore,"36° 28'30""S","144° 32'0""E"
Eltham,"37° 49'0""S","144° 57'0""E"
Emerald (QLD),"23° 31'30""S","148° 10'0""E"
Emerald (VIC),"37° 49'0""S","145° 30'30""E"
Emita,"39° 56'0""S","148° 2'0""E"
Emmaville,"29° 27'0""S","151° 44'0""E"
Eneabba,"29° 44'30""S","115° 22'0""E"
Eneabba North,"29° 34'0""S","115° 29'30""E"
Eneabba South,"29° 57'0""S","115° 14'30""E"
Engadine,"34° 4'30""S","151° 0'0""E"
Ensay,"37° 27'0""S","147° 53'0""E"
Erica,"38° 1'0""S","146° 26'30""E"
Eschol,"26° 49'0""S","150° 56'0""E"
Esk,"27° 13'50""S","152° 26'0""E"
Eskdale,"36° 25'0""S","147° 15'0""E"
Esperance,"33° 47'0""S","121° 47'0""E"
Etheridge (Ext),"18° 21'0""S","143° 42'0""E"
Ettrick,"28° 37'10""S","152° 51'30""E"
Euchareena,"33° 1'30""S","149° 7'0""E"
Eucumbene,"36° 9'0""S","148° 42'0""E"
Eudunda,"34° 9'30""S","139° 3'0""E"
Eugowra,"33° 28'0""S","148° 25'0""E"
Euramo,"18° 8'0""S","145° 57'30""E"
Euroa,"36° 41'50""S","145° 32'0""E"
Evandale,"41° 43'0""S","147° 17'0""E"
Everard (Ext),"27° 45'0""S","133° 30'0""E"
Exeter,"41° 15'30""S","147° 0'30""E"
Exmouth,"22° 8'30""S","114° 4'0""E"
Eyre (Ext),"32° 16'0""S","124° 16'0""E"
Fairholme,"33° 10'5""S","147° 23'10""E"
Falls Creek,"36° 52'0""S","147° 16'0""E"
Farnsfield,"25° 2'0""S","152° 20'0""E"
Farrendale,"32° 16'0""S","147° 56'0""E"
Finch Hatton,"21° 9'0""S","148° 34'30""E"
Fingal,"41° 41'0""S","147° 56'30""E"
Finley,"35° 39'0""S","145° 34'30""E"
Fitzgerald,"33° 49'0""S","119° 16'50""E"
Fitzroy Crossing,"17° 32'0""S","125° 24'0""E"
Fitzroy West (Ext),"23° 38'0""S","149° 35'0""E"
Flinders (Ext),"20° 18'0""S","142° 57'0""E"
Flowerdale,"37° 21'0""S","145° 12'30""E"
Forbes,"33° 28'30""S","148° 1'30""E"
Forster,"32° 9'30""S","152° 25'0""E"
Foster,"38° 40'30""S","146° 11'30""E"
Frances,"36° 46'0""S","140° 51'30""E"
Fraser Island,"25° 17'0""S","153° 2'30""E"
Frazers Creek,"29° 12'0""S","151° 3'0""E"
Freeling,"34° 30'45""S","138° 47'0""E"
Freestone,"28° 3'30""S","152° 13'0""E"
Fremantle,"31° 57'30""S","115° 51'0""E"
Frogmore,"34° 11'0""S","148° 45'30""E"
Frome (Ext),"29° 25'0""S","139° 9'0""E"
Gabbin,"30° 45'30""S","117° 37'30""E"
Gabbin North,"30° 35'0""S","117° 38'0""E"
Gaeta,"24° 50'0""S","151° 40'30""E"
Gairdner (Ext) (SA),"30° 28'0""S","135° 58'0""E"
Gairdner (WA),"34° 7'30""S","118° 53'0""E"
Gala Vale,"34° 59'30""S","145° 51'30""E"
Galilee (Ext),"22° 38'0""S","145° 28'0""E"
Galong,"34° 35'30""S","148° 34'20""E"
Galore,"35° 2'10""S","146° 54'0""E"
Ganmain,"34° 49'30""S","147° 2'0""E"
Garah,"29° 11'0""S","149° 41'30""E"
Gargett,"21° 8'0""S","148° 48'30""E"
Garnant,"23° 13'0""S","150° 14'0""E"
Gatton,"27° 39'0""S","152° 13'30""E"
Gawler,"34° 37'30""S","138° 46'0""E"
Gayfield,"24° 9'0""S","150° 44'11""E"
Gayndah,"25° 41'0""S","151° 29'0""E"
Gearys Gap,"35° 5'0""S","149° 27'0""E"
Geelong,"38° 6'30""S","144° 19'0""E"
Geeveston,"43° 11'30""S","147° 3'0""E"
Gelantipy,"37° 18'0""S","148° 18'30""E"
Gemfields,"23° 27'39""S","147° 43'5""E"
Genoa,"37° 26'30""S","149° 30'30""E"
George Town,"41° 5'30""S","147° 0'30""E"
Georgetown,"33° 24'0""S","138° 28'30""E"
Georgetown (QLD),"18° 21'0""S","143° 42'0""E"
Georgina (Ext),"23° 49'0""S","139° 47'0""E"
Geraldton,"28° 45'30""S","114° 42'0""E"
Gerang Gerung,"36° 25'30""S","141° 56'0""E"
Geranium,"35° 25'0""S","140° 11'0""E"
Gerogery,"35° 53'30""S","147° 4'30""E"
Geurie,"32° 23'35""S","148° 44'45""E"
Gibson,"33° 34'5""S","121° 47'0""E"
Gidgegannup,"31° 40'30""S","116° 11'0""E"
Gilgandra,"31° 41'0""S","148° 38'30""E"
Gilgooma,"30° 45'30""S","148° 35'30""E"
Gillingarra,"30° 53'30""S","116° 2'30""E"
Gin Gin,"25° 0'30""S","152° 3'30""E"
Ginghet,"30° 35'20""S","147° 35'30""E"
Gingin,"31° 18'20""S","115° 50'40""E"
Gingkin,"33° 56'0""S","149° 52'0""E"
Girilambone,"31° 19'0""S","146° 53'0""E"
Giru,"19° 30'30""S","147° 6'30""E"
Gisborne,"37° 30'0""S","144° 35'10""E"
Gladstone (QLD),"23° 53'30""S","151° 13'0""E"
Gladstone (SA),"33° 15'0""S","138° 22'30""E"
Gladstone (TAS),"41° 1'0""S","147° 56'30""E"
Glen Davis,"33° 2'30""S","150° 10'0""E"
Glen Elgin,"29° 39'30""S","152° 9'0""E"
Glen Innes,"29° 42'40""S","151° 47'0""E"
Glencoe,"29° 58'30""S","151° 48'0""E"
Glendambo,"30° 28'0""S","135° 58'0""E"
Glenden,"21° 26'0""S","148° 35'0""E"
Glendonbrook,"32° 28'0""S","151° 20'0""E"
Glengarry,"41° 19'30""S","146° 50'0""E"
Glenhope,"26° 52'30""S","150° 35'0""E"
Glenisla,"37° 10'0""S","142° 12'30""E"
Glenorchy,"36° 51'40""S","142° 45'0""E"
Glenreagh,"30° 1'0""S","153° 5'30""E"
Glenthompson,"37° 38'0""S","142° 30'0""E"
Gloucester,"32° 1'0""S","152° 3'0""E"
Gnowangerup,"33° 58'0""S","118° 1'30""E"
Gnowellen,"34° 23'0""S","118° 33'5""E"
Golden Beach,"38° 15'30""S","147° 15'0""E"
Goldfields (Ext),"30° 25'30""S","121° 7'30""E"
Gollan,"32° 23'45""S","149° 4'10""E"
Golspie,"34° 13'0""S","149° 44'30""E"
Goodlands,"30° 8'30""S","117° 19'30""E"
Goodooga,"29° 7'30""S","147° 27'30""E"
Goolgowi,"34° 2'0""S","145° 48'0""E"
Goolhi,"30° 52'30""S","149° 49'30""E"
Gooloogong,"33° 38'30""S","148° 24'30""E"
Goolwa,"35°26'30""S ","138°46'0""E"
Goomalling,"31° 15'0""S","116° 46'30""E"
Goomarin,"31° 12'0""S","118° 24'0""E"
Goombi,"26° 41'30""S","150° 30'30""E"
Goombungee,"27° 22'0""S","151° 54'0""E"
Goondiwindi,"28° 35'30""S","150° 18'0""E"
Goongerah,"37° 22'30""S","148° 39'30""E"
Goorianawa,"31° 7'30""S","148° 57'0""E"
Goornong,"36° 39'0""S","144° 29'0""E"
Gooroolba,"25° 40'30""S","151° 43'30""E"
Goovigen,"24° 9'30""S","150° 20'0""E"
Gordon (Ext),"42°32'0""S ","145°36'0""E"
Gordonvale,"17° 5'30""S","145° 50'0""E"
Gormandale,"38° 20'0""S","146° 36'0""E"
Goroke,"36° 45'30""S","141° 32'0""E"
Gosford,"33° 28'0""S","151° 18'30""E"
Goulburn,"34° 42'30""S","149° 42'30""E"
Gowar East,"36° 30'0""S","143° 21'0""E"
Grafton,"29° 41'0""S","152° 59'0""E"
Graman,"29° 28'30""S","151° 5'0""E"
Grass Patch,"33° 13'30""S","121° 42'30""E"
Grawin,"29° 28'30""S","147° 47'30""E"
Graytown,"36° 54'0""S","145° 1'0""E"
Great Bight (Ext),"31° 29'0""S","131° 57'0""E"
Great Sandy (Ext),"22° 0'0""S","126° 0'0""E"
Great Victoria (Ext),"28° 0'0""S","127° 0'0""E"
Greenethorpe,"34° 0'0""S","148° 20'0""E"
Greenmount,"27° 46'30""S","152° 0'30""E"
Greenvale,"19° 12'0""S","145° 26'30""E"
Greenways,"37° 19'0""S","140° 16'0""E"
Grenfell,"33° 49'30""S","148° 11'50""E"
Gretna,"42° 36'30""S","146° 53'30""E"
Griffith,"34° 16'30""S","146° 2'30""E"
Grong Grong,"34° 41'30""S","146° 44'0""E"
Guilderton,"31° 17'0""S","115° 35'30""E"
Gulargambone,"31° 17'0""S","148° 29'0""E"
Gulf (Ext),"18° 2'0""S","140° 21'0""E"
Gulgong,"32° 23'30""S","149° 24'0""E"
Guluguba,"26° 15'35""S","150° 2'47""E"
Gumlu,"19° 54'0""S","147° 41'0""E"
Gunalda,"25° 57'10""S","152° 42'50""E"
Gunbar,"34° 1'0""S","145° 24'0""E"
Gunbower,"36° 1'0""S","144° 30'0""E"
Gundabloui,"29° 13'0""S","148° 45'30""E"
Gundagai,"35° 6'0""S","148° 9'0""E"
Gundaroo,"35° 1'30""S","149° 13'0""E"
Gundillion,"35° 37'0""S","149° 40'30""E"
Gunnedah,"31° 0'0""S","150° 14'30""E"
Gunning,"34° 49'0""S","149° 12'30""E"
Gunpowder,"20° 35'0""S","138° 57'0""E"
Gununa,"16° 35'0""S","139° 26'0""E"
Gunyerwarildi,"29° 15'0""S","150° 32'30""E"
Guranu,"29° 6'30""S","115° 39'30""E"
Gurley,"29° 41'50""S","149° 57'0""E"
Gurrai,"35° 5'0""S","140° 35'0""E"
Gutha West,"28° 56'30""S","115° 50'0""E"
Guyra,"30° 18'30""S","151° 45'0""E"
Gwabegar,"30° 43'30""S","149° 2'30""E"
Gympie,"26° 13'30""S","152° 40'30""E"
Haddon (Ext),"26° 21'0""S","142° 54'0""E"
Haden,"27° 12'0""S","151° 51'30""E"
Halbury,"34° 3'0""S","138° 28'0""E"
Halidon,"34° 51'0""S","140° 6'30""E"
Halifax,"18° 37'0""S","146° 14'50""E"
Hallett,"33° 25'30""S","138° 48'0""E"
Halls Creek,"30° 46'30""S","150° 53'30""E"
Hall's Creek (WA),"17° 45'30""S","127° 55'45""E"
Halls Gap,"37° 8'10""S","142° 38'50""E"
Hamilton,"37° 44'0""S","142° 3'0""E"
Hamley Bridge,"34° 20'30""S","138° 41'0""E"
Hampton,"33° 41'0""S","150° 5'0""E"
Harcourt,"37° 0'30""S","144° 19'0""E"
Harden,"34° 34'0""S","148° 21'30""E"
Harrietville,"36° 55'0""S","147° 7'0""E"
Harrismith,"32° 54'0""S","117° 43'0""E"
Harrisville,"27° 45'30""S","152° 43'0""E"
Harrow,"37° 11'30""S","141° 36'0""E"
Hartley,"35° 10'30""S","138° 56'30""E"
Hartville,"34° 13'30""S","117° 13'30""E"
Harvey,"33° 6'30""S","115° 54'0""E"
Hawker,"32° 25'0""S","136° 51'0""E"
Hawkesdale,"38° 11'0""S","142° 17'0""E"
Hay,"34° 30'0""S","144° 51'0""E"
Healesville,"37° 37'0""S","145° 27'30""E"
Heathcote,"36° 57'30""S","144° 44'30""E"
Helensburgh,"34° 12'0""S","150° 59'0""E"
Helidon,"27° 35'30""S","152° 6'30""E"
Henty,"35° 29'30""S","146° 51'0""E"
Herbert (Ext),"32° 35'0""S","139° 28'0""E"
Herberton,"17° 23'5""S","145° 25'30""E"
Hermidale,"31° 37'0""S","146° 49'0""E"
Hermitage,"42° 15'25""S","146° 53'30""E"
Hernani,"30° 18'25""S","152° 21'45""E"
Herne Hill,"31° 48'30""S","116° 1'30""E"
Heyfield,"37° 56'30""S","146° 44'0""E"
Heywood,"38° 5'20""S","141° 38'0""E"
Hill End (NSW),"33° 1'0""S","149° 35'0""E"
Hill End (VIC),"38° 1'30""S","146° 10'0""E"
Hillston,"33° 27'30""S","145° 36'0""E"
Hobart,"42° 53'0""S","147° 19'30""E"
Hodgson Range,"22° 41'25""S","148° 1'7""E"
Holbrook,"35° 41'5""S","147° 13'30""E"
Holland Rocks,"33° 14'50""S","118° 42'0""E"
Holleton,"31° 58'0""S","118° 57'30""E"
Home Hill,"19° 45'0""S","147° 22'0""E"
Hopetoun (VIC),"35° 46'0""S","142° 22'0""E"
Hopetoun (WA),"33° 49'10""S","120° 8'0""E"
Hopevale (QLD),"14° 16'0""S","142° 59'0""E"
Horsham,"36° 41'30""S","142° 14'0""E"
Howard,"25° 21'30""S","152° 35'30""E"
Howatharra,"28° 31'30""S","114° 38'0""E"
Howes Valley,"32° 46'0""S","150° 54'30""E"
Howlong,"35° 59'15""S","146° 43'0""E"
Hughenden,"20° 50'41""S","144° 11'55""E"
Humula,"35° 26'0""S","147° 47'0""E"
Hunter Springs,"31° 53'40""S","151° 25'30""E"
Huonville,"43° 0'0""S","147° 2'30""E"
Huskisson,"35° 5'0""S","150° 37'0""E"
Hyden,"32° 25'30""S","118° 51'0""E"
Hyden East,"32° 25'0""S","119° 5'0""E"
Icy Creek,"37° 48'0""S","146° 9'0""E"
Idaville,"31° 59'0""S","150° 16'0""E"
Imbil,"26° 27'41""S","152° 40'50""E"
Indian Pacific (Ext),"29° 56'0""S","131° 34'0""E"
Ingham,"18° 38'0""S","146° 10'0""E"
Ingleba,"31° 9'30""S","151° 29'30""E"
Inglewood (QLD),"28° 27'0""S","151° 5'30""E"
Inglewood (VIC),"36° 30'30""S","143° 51'0""E"
Injune,"25° 55'30""S","148° 34'0""E"
Innisfail,"17° 33'30""S","146° 2'30""E"
Innot Hot Springs,"17° 35'30""S","145° 16'0""E"
Inverell,"29° 46'30""S","151° 8'0""E"
Inverleigh,"38° 9'40""S","144° 6'30""E"
Ipswich,"27° 35'0""S","152° 50'0""E"
Iron Baron,"33° 6'30""S","137° 16'0""E"
Iron Knob,"32° 51'0""S","137° 16'0""E"
Isaac River,"22° 46'30""S","150° 8'30""E"
Isisford,"23° 40'0""S","143° 6'0""E"
Ivanhoe,"32° 54'0""S","144° 18'0""E"
Jabiru,"12° 40'25""S","132° 49'55""E"
Jacup,"33° 50'30""S","119° 5'30""E"
Jaloran,"33° 9'30""S","117° 22'0""E"
Jamestown,"33° 12'0""S","138° 39'0""E"
Jamieson,"37° 12'30""S","146° 13'0""E"
Jandowae,"26° 50'30""S","151° 7'0""E"
Jangardup,"34° 21'30""S","115° 44'00""E"
Jarklin,"36° 18'30""S","143° 57'30""E"
Jelkobine,"32° 23'0""S","116° 47'0""E"
Jennacubbine,"31° 26'30""S","116° 45'0""E"
Jeparit,"36° 11'0""S","141° 57'30""E"
Jerdacuttup,"33° 50'30""S","120° 23'15""E"
Jericho,"22° 38'0""S","145° 28'0""E"
Jerilderie,"35° 20'30""S","145° 44'30""E"
Jerramungup,"33° 57'0""S","118° 46'0""E"
Jerrys Plains,"32° 29'0""S","150° 52'30""E"
Jilliga,"36° 9'0""S","149° 49'0""E"
Jimaringle,"35° 17'0""S","144° 18'0""E"
Jimboomba,"27° 51'30""S","153° 2'0""E"
Jimbour,"26° 59'0""S","151° 18'30""E"
Jimna,"26° 43'30""S","152° 27'0""E"
Jindabyne South,"36° 33'30""S","148° 33'0""E"
Jingalup,"34° 2'10""S","116° 53'35""E"
Johnstown West,"26° 26'0""S","152° 0'10""E"
Jondaryan,"27° 24'0""S","151° 29'0""E"
Julia Creek,"20° 40'0""S","141° 43'0""E"
Jundah,"23° 40'0""S","143° 6'0""E"
Junee,"34° 51'30""S","147° 37'0""E"
Junee Reefs,"34° 42'50""S","147° 34'40""E"
Jurien,"30° 14'30""S","115° 6'30""E"
Kadina,"33° 57'30""S","137° 44'30""E"
Kalamunda,"31° 57'30""S","116° 5'30""E"
Kalangadoo,"37° 40'0""S","140° 41'0""E"
Kalannie,"30° 17'0""S","117° 0'30""E"
Kalannie East,"30° 19'45""S","117° 15'55""E"
Kalbar,"27° 56'50""S","152° 32'40""E"
Kalbarri,"27° 43'30""S",
Kalgoorlie,"30° 45'30""S","121° 24'0""E"
Kalkadoon (Ext),"20° 23'0""S","140° 38'0""E"
Kalkallo,"37° 32'30""S","144° 55'0""E"
Kalkee,"36° 30'10""S","142° 18'0""E"
Kambalda,"31° 25'0""S","121° 42'0""E"
Kandos,"32° 48'0""S","150° 3'0""E"
Kaniva,"36° 20'0""S","141° 22'0""E"
Kapinnie,"34° 9'45""S","135° 33'30""E"
Kapunda,"34° 17'30""S","138° 54'30""E"
Karatta,"35° 57'30""S","137° 8'30""E"
Karawinna,"34° 19'30""S","141° 53'0""E"
Karlgarin,"32° 32'0""S","118° 36'0""E"
Karloning,"30° 40'0""S","118° 5'50""E"
Karoonda,"35° 5'30""S","140° 0'0""E"
Karratha,"20° 45'30""S","117° 2'0""E"
Karuah,"32° 37'50""S","151° 54'0""E"
Karumba,"18° 2'0""S","140° 21'0""E"
Katamatite,"36° 7'0""S","145° 38'0""E"
Katandra West,"36° 15'0""S","145° 35'40""E"
Katanning,"33° 45'0""S","117° 28'30""E"
Katherine,"14° 28'0""S","132° 15'30""E"
Katoomba,"33° 40'0""S","150° 17'30""E"
Keilira,"36° 41'30""S","140° 7'0""E"
Keith,"36° 7'30""S","140° 26'30""E"
Kellerberrin,"31° 32'30""S","117° 43'0""E"
Kelly,"33° 16'0""S","136° 28'0""E"
Kelvin,"30° 46'0""S","150° 21'0""E"
Kempsey,"31° 6'0""S","152° 47'0""E"
Kempton,"42° 32'0""S","147° 8'0""E"
Kenilworth,"26° 34'55""S","152° 45'30""E"
Kennedys Creek,"38° 34'30""S","143° 15'40""E"
Kerang,"35° 43'0""S","144° 1'0""E"
Kerry,"28° 9'30""S","153° 2'0""E"
Kia Ora,"25° 57'30""S","152° 54'0""E"
Kiacatoo,"33° 2'30""S","146° 46'30""E"
Kialla East,"36° 30'30""S","145° 29'0""E"
Kiama,"34° 38'20""S","150° 46'55""E"
Kidston,"18° 21'0""S","143° 42'0""E"
Kikoira,"33° 41'0""S","146° 42'0""E"
Kilbeggan,"25° 55'0""S","150° 20'0""E"
Kilcoy,"26° 55'30""S","152° 32'0""E"
Kilkivan,"26° 3'30""S","152° 16'0""E"
Killarney,"28° 14'50""S","115° 48'0""E"
Killawarra,"36° 10'30""S","146° 13'0""E"
Killongbutta,"33° 12'30""S","149° 25'30""E"
Kilmore,"37° 23'30""S","144° 57'30""E"
Kimba,"33° 4'0""S","136° 16'0""E"
King Valley,"36° 39'0""S","146° 30'0""E"
Kingaroy,"26° 28'30""S","151° 48'30""E"
Kinglake,"37° 29'30""S","145° 17'0""E"
Kingscote,"35° 47'30""S","137° 33'30""E"
Kingston Se,"36° 52'0""S","139° 58'0""E"
Kingstown,"30° 34'0""S","151° 10'0""E"
Kirk (Ext),"20° 38'0""S","146° 48'0""E"
Kobyboyn,"37° 4'0""S","145° 23'30""E"
Koetong,"36° 9'35""S","147° 26'50""E"
Kojaneerup,"34° 37'30""S","118° 13'30""E"
Kojonup,"33° 52'30""S","117° 12'0""E"
Kondinin,"32° 24'30""S","118° 15'0""E"
Kongorong,"37° 55'30""S","140° 34'30""E"
Konnongorring,"31° 5'30""S","116° 46'30""E"
Koo Wee Rup,"38° 15'40""S","145° 35'30""E"
Koongawa,"33° 14'30""S","136° 0'0""E"
Koorawatha,"34° 1'0""S","148° 36'30""E"
Koorda,"30° 46'30""S","117° 20'30""E"
Kooringal,"27° 21'35""S","153° 25'40""E"
Koppio,"34° 30'0""S","135° 51'25""E"
Korbelka,"31° 37'0""S","118° 10'30""E"
Korong Vale,"36° 18'30""S","143° 46'0""E"
Korumburra,"38° 28'0""S","145° 48'0""E"
Koumala,"21° 33'0""S","149° 13'30""E"
Kowanyama,"14° 16'0""S","142° 59'0""E"
Krambach,"32° 4'0""S","152° 15'30""E"
Kronkup,"34° 55'0""S","117° 35'30""E"
Kukerin,"33° 6'30""S","118° 5'30""E"
Kulin,"32° 40'30""S","118° 20'0""E"
Kulin West,"32° 34'30""S","118° 2'0""E"
Kumbarilla,"27° 15'0""S","150° 55'30""E"
Kumbia,"26° 42'30""S","151° 42'0""E"
Kununurra,"15° 46'0""S","128° 41'0""E"
Kupunn,"27° 13'0""S","151° 7'30""E"
Kuranda,"16° 51'30""S","145° 35'30""E"
Kuringup,"33° 32'30""S","118° 19'0""E"
Kurrajong Heights,"33° 32'30""S","150° 36'30""E"
Kyabram,"36° 22'0""S","145° 4'0""E"
Kyalite,"35° 4'10""S","143° 29'30""E"
Kyancutta,"33° 13'30""S","135° 40'0""E"
Kyeamba,"35° 21'30""S","147° 29'30""E"
Kyneton,"37° 11'50""S","144° 29'20""E"
Kyogle,"28° 35'0""S","153° 1'0""E"
Lachlan (Ext),"33° 57'0""S","144° 45'0""E"
Laen,"36° 25'0""S","142° 50'0""E"
Laffer,"36° 17'30""S","140° 7'0""E"
Laguna,"33° 4'0""S","151° 14'30""E"
Laharum,"36° 55'5""S","142° 14'20""E"
Laheys Creek,"32° 13'20""S","149° 16'38""E"
Laidley,"27° 33'30""S","152° 23'30""E"
Lake Bolac,"37° 44'30""S","142° 43'30""E"
Lake Cargelligo,"33° 20'30""S","146° 24'30""E"
Lake Clifton,"32° 49'0""S","115° 44'20""E"
Lake Grace,"33° 0'10""S","118° 34'10""E"
Lake King,"33° 7'45""S","119° 39'0""E"
Lake Magenta,"33° 16'30""S","119° 2'20""E"
Lake Mason (Ext),"28° 18'0""S","118° 21'0""E"
Lake Meran,"35° 55'30""S","143° 53'0""E"
Lake Mundi,"37° 29'0""S","141° 8'0""E"
Lake Oconnor,"32° 37'30""S","119° 4'0""E"
Lake Toolbrunup,"34° 3'0""S","117° 46'30""E"
Lakeland,"14° 16'0""S","142° 59'0""E"
Lakes Entrance,"37° 49'30""S","147° 57'0""E"
Lalalty,"35° 52'0""S","145° 45'0""E"
Lalbert,"35° 40'0""S","143° 29'0""E"
Lameroo,"35° 21'45""S","140° 31'30""E"
Lancelin,"31° 3'0""S","115° 27'30""E"
Landervale,"34° 30'30""S","146° 41'30""E"
Landsborough,"37° 3'0""S","143° 4'30""E"
Langhorne Creek,"35° 17'0""S","139° 4'0""E"
Lara,"37° 58'0""S","144° 23'0""E"
Latham,"29° 41'30""S","116° 21'0""E"
Launceston,"41° 25'30""S","147° 10'30""E"
Laura,"33° 5'0""S","138° 19'30""E"
Lavers Hill,"38° 42'0""S","143° 20'30""E"
Laverton,"28° 36'30""S","122° 24'0""E"
Lawrence,"29° 30'0""S","152° 59'0""E"
Lawson,"33° 44'30""S","150° 28'30""E"
Leadville,"32° 6'0""S","149° 40'0""E"
Learmonth,"37° 21'45""S","143° 42'0""E"
Leeman,"29° 57'50""S","115° 3'0""E"
Leeton,"34° 32'30""S","146° 26'0""E"
Leeville,"29° 0'0""S","152° 55'30""E"
Legume,"28° 26'30""S","152° 19'30""E"
Leicester Park,"35° 33'0""S","146° 1'0""E"
Leichhardt Range (Ext),"20° 48'0""S","147° 39'0""E"
Leigh Creek South,"30° 30'30""S","138° 24'0""E"
Leinster,"27° 52'0""S","121° 57'0""E"
Leongatha,"38° 30'0""S","146° 4'0""E"
Leonora,"28° 54'0""S","121° 26'30""E"
Leopold (Ext),"17° 32'0""S","125° 24'0""E"
Lethebrook,"20° 37'30""S","148° 36'0""E"
Leyburn,"28° 2'0""S","151° 40'30""E"
Licola,"37° 42'45""S","146° 40'30""E"
Lightning Ridge,"29° 29'30""S","148° 2'0""E"
Lilydale,"41° 13'30""S","147° 13'0""E"
Limbri,"31° 3'0""S","151° 15'0""E"
Limekilns,"33° 11'0""S","149° 45'0""E"
Lindenow,"37° 47'0""S","147° 24'0""E"
Linton,"37° 31'0""S","143° 41'0""E"
Lismore (NSW),"28° 48'0""S","153° 19'30""E"
Lismore (VIC),"37° 56'30""S","143° 24'0""E"
Liston,"28° 36'0""S","152° 8'30""E"
Lithgow,"33° 28'30""S","150° 6'0""E"
Little Billabong,"35° 32'30""S","147° 29'30""E"
Little Swanport,"42° 23'30""S","147° 53'0""E"
Liverpool,"33° 54'30""S","150° 52'0""E"
Llanelly,"36° 42'0""S","143° 50'0""E"
Loch Sport,"38° 4'0""S","147° 32'0""E"
Lochaber,"36° 48'0""S","140° 30'0""E"
Lochiel,"33° 53'0""S","138° 10'0""E"
Lock,"33° 39'0""S","135° 47'0""E"
Lockhart,"35° 9'0""S","146° 47'30""E"
Lockhart River,"14° 16'0""S","142° 59'0""E"
Lockington,"36° 13'0""S","144° 30'0""E"
Logan,"36° 40'0""S","143° 28'0""E"
Logie Brae,"35° 28'30""S","145° 30'30""E"
Long Pocket,"18° 30'30""S","146° 4'0""E"
Longford,"41° 42'0""S","147° 0'30""E"
Longreach,"23° 26'0""S","144° 26'0""E"
Longwood,"36° 54'0""S","145° 24'0""E"
Lord Howe Island,"31° 28'0""S","159° 9'0""E"
Lorne,"38° 32'30""S","143° 52'30""E"
Lorquon,"36° 10'30""S","141° 40'0""E"
Lost River,"34° 27'25""S","149° 14'0""E"
Lowbank,"34° 12'30""S","140° 7'0""E"
Lowmead,"24° 26'30""S","151° 50'30""E"
Lowood,"27° 27'0""S","152° 37'0""E"
Loxton,"34° 25'30""S","140° 36'30""E"
Lucindale,"36° 58'30""S","140° 28'30""E"
Lucindale South,"37° 8'0""S","140° 31'30""E"
Lue,"32° 36'30""S","149° 50'55""E"
Lumeah,"34° 2'30""S","117° 12'0""E"
Lynd Range,"25° 34'30""S","149° 25'0""E"
Lyndhurst,"33° 41'0""S","149° 3'0""E"
Lynton,"28° 10'20""S","114° 22'0""E"
Mabins Well,"35° 7'30""S","145° 37'30""E"
Macalister,"27° 2'0""S","151° 5'30""E"
Macarthur,"37° 59'30""S","142° 6'30""E"
Mackay,"21° 7'0""S","149° 8'0""E"
Macksville,"30° 42'30""S","152° 55'30""E"
Maclean,"29° 29'0""S","153° 15'0""E"
Maffra,"37° 55'30""S","146° 58'30""E"
Magitup,"34° 10'30""S","118° 0'0""E"
Magometon,"31° 6'0""S","148° 41'0""E"
Maidenwell,"26° 49'0""S","151° 50'0""E"
Maimuru,"34° 11'0""S","148° 10'0""E"
Maitland (NSW),"32° 43'30""S","151° 32'0""E"
Maitland (SA),"34° 24'0""S","137° 38'30""E"
Makin,"35° 54'30""S","140° 32'0""E"
Malanda,"17° 22'0""S","145° 38'0""E"
Maldon,"36° 59'30""S","144° 2'30""E"
Maleny,"26° 45'30""S","152° 44'30""E"
Malinong,"35° 28'30""S","139° 36'0""E"
Mallacoota,"37° 30'30""S","149° 40'30""E"
Mallala,"34° 24'30""S","138° 28'30""E"
Mallan,"35° 11'0""S","143° 45'30""E"
Mallanganee,"28° 53'30""S","152° 47'30""E"
Mambray Creek,"32° 48'30""S","137° 57'30""E"
Manangatang,"35° 3'0""S","142° 56'30""E"
Mandagery,"33° 17'30""S","148° 27'30""E"
Mandurah,"32° 32'30""S",Engadine
Mangoplah,"35° 23'0""S","147° 19'0""E"
Mangrove Mountain,"33° 20'0""S","151° 13'0""E"
Manildra,"33° 14'30""S","148° 49'0""E"
Manilla,"30° 45'0""S","150° 40'30""E"
Manjimup,"34° 13'0""S","116° 9'0""E"
Mannum,"34° 54'30""S","139° 13'0""E"
Mannus,"35° 44'0""S","147° 50'0""E"
Mansfield,"37° 0'30""S","146° 6'0""E"
Mantung,"34° 33'20""S","140° 3'10""E"
Manumbar,"26° 21'0""S","152° 11'15""E"
Manypeaks,"34° 54'30""S","118° 4'0""E"
Manypeaks North,"34° 42'30""S","118° 1'30""E"
Marama,"35° 10'13""S","140° 7'4""E"
Maranoa (Ext),"26° 53'0""S","147° 53'0""E"
Marble Bar,"20° 42'0""S","119° 32'0""E"
Marchagee,"29° 58'0""S","116° 10'30""E"
Marcollat,"36° 31'30""S","140° 14'0""E"
Mardale,"24° 38'30""S","150° 45'0""E"
Mareeba,"16° 59'30""S","145° 27'30""E"
Margaret River,"33° 55'30""S","115° 9'0""E"
Margate,"43° 5'30""S","147° 16'0""E"
Marion Bay,"35° 6'0""S","137° 6'0""E"
Marla,"27° 45'0""S","133° 30'0""E"
Marlborough,"22° 46'30""S","150° 8'30""E"
Marnoo,"36° 46'30""S","142° 55'10""E"
Marong,"36° 49'0""S","144° 5'0""E"
Maroon,"28° 9'30""S","152° 37'30""E"
Maroona,"37° 27'30""S","143° 0'0""E"
Marple,"30° 43'0""S","151° 44'30""E"
Marrawah,"40° 57'0""S","144° 46'30""E"
Marsden,"33° 45'0""S","147° 26'30""E"
Marulan,"34° 42'0""S","149° 58'0""E"
Marvel Loch,"31° 27'30""S","119° 28'0""E"
Maryborough (QLD),"25° 33'30""S","152° 39'30""E"
Maryborough (VIC),"37° 0'30""S","143° 40'0""E"
Marybrook,"33° 43'0""S","115° 7'0""E"
Maryfarms,"16° 31'30""S","145° 11'0""E"
Marysville,"37° 35'0""S","145° 39'30""E"
Mathinna,"41° 28'0""S","147° 54'10""E"
Mathoura,"35° 53'0""S","144° 50'30""E"
Maude,"34° 30'30""S","144° 27'30""E"
Maydena,"42° 42'0""S","146° 41'0""E"
Mclaren Vale,"35° 9'30""S","138° 35'30""E"
Meadow Flat,"33° 22'0""S","149° 51'30""E"
Meandarra,"27° 17'0""S","149° 47'0""E"
Meckering,"31° 38'30""S","116° 58'0""E"
Meekatharra,"26° 37'30""S","118° 36'0""E"
Meerlieu,"37° 55'30""S","147° 27'30""E"
Melbergen,"33° 52'0""S","145° 58'0""E"
Melbourne,"37° 49'0""S","144° 57'0""E"
Melrose,"32° 53'0""S","138° 9'0""E"
Mendel,"28° 46'30""S","115° 39'0""E"
Mendooran,"31° 48'30""S","149° 13'0""E"
Menindee,"32° 23'30""S","142° 25'30""E"
Meningie,"35° 39'30""S","139° 22'0""E"
Meningie East,"35° 46'0""S","139° 27'0""E"
Meredith,"37° 54'30""S","144° 2'0""E"
Merimbula,"36° 54'30""S","149° 49'0""E"
Merino,"37° 49'0""S","141° 30'0""E"
Merredin,"31° 23'0""S","118° 10'30""E"
Merriganowry,"33° 49'0""S","148° 28'30""E"
Merriwa,"32° 9'0""S","150° 18'30""E"
Merriwagga,"33° 43'0""S","145° 37'0""E"
Mettler,"34° 34'15""S","118° 31'45""E"
Miamba,"26° 50'0""S","149° 57'30""E"
Michelago,"35° 34'30""S","149° 4'0""E"
Miclere (Ext),"21° 55'30""S","147° 12'0""E"
Middlemount,"23° 23'0""S","148° 55'0""E"
Miena,"42° 5'0""S","146° 43'0""E"
Milang,"35° 24'30""S","138° 58'30""E"
Milbrulong,"35° 21'0""S","146° 50'0""E"
Mildura,"34° 14'30""S","142° 10'0""E"
Miles,"26° 35'30""S","150° 10'0""E"
Miling,"30° 35'0""S","116° 21'30""E"
Millaa Millaa,"17° 33'0""S","145° 38'0""E"
Millaroo,"19° 58'30""S","147° 18'30""E"
Millicent,"37° 32'0""S","140° 28'30""E"
Millmerran,"27° 52'0""S","151° 16'30""E"
Millstream (Ext),"21° 48'0""S","116° 52'0""E"
Millthorpe,"33° 29'30""S","149° 3'0""E"
Miltalie,"33° 29'0""S","136° 48'0""E"
Milton-ulladulla,"35° 14'0""S","150° 26'30""E"
Milvale,"34° 19'30""S","147° 54'30""E"
Mingenew,"29° 15'0""S","115° 18'30""E"
Minimay,"36° 43'30""S","141° 10'40""E"
Minlaton,"34° 45'30""S","137° 33'30""E"
Minnamoolka (Ext),"18° 9'0""S","145° 15'0""E"
Minnipa,"32° 56'30""S","135° 7'0""E"
Mintabie,"27° 45'0""S","133° 30'0""E"
Minyip,"36° 28'0""S","142° 36'0""E"
Mirboo North,"38° 22'30""S","146° 7'0""E"
Miriam Vale,"24° 14'30""S","151° 31'30""E"
Mirriadool,"29° 40'30""S","149° 32'30""E"
Mitchell (Ext) (WA),"15° 23'0""S","126° 52'0""E"
Mitchell (QLD),"26° 29'30""S","147° 58'30""E"
Mitiamo,"36° 13'0""S","144° 10'0""E"
Mittyack,"35° 5'30""S","142° 38'30""E"
Mole Creek,"41° 35'30""S","146° 22'0""E"
Molloy,"16° 42'30""S","145° 19'30""E"
Molong,"33° 3'30""S","148° 48'30""E"
Moltema,"41° 24'30""S","146° 36'0""E"
Monkoora,"36° 7'0""S","140° 10'0""E"
Monogorilby,"25° 22'30""S","151° 19'0""E"
Monteagle,"34° 9'30""S","148° 26'30""E"
Monto,"24° 50'30""S","151° 13'30""E"
Moodiarrup,"33° 31'20""S","116° 55'30""E"
Moona Plains,"30° 53'30""S","151° 44'0""E"
Moonambel,"36° 56'30""S","143° 22'0""E"
Moonan Flat,"32° 3'0""S","151° 13'0""E"
Moonford,"24° 48'30""S","150° 55'0""E"
Moonie,"27° 43'2""S","150° 22'5""E"
Moonta,"34° 6'30""S","137° 41'30""E"
Moora,"30° 39'45""S","115° 59'30""E"
Moore,"26° 51'45""S","152° 17'35""E"
Moranbah,"22° 0'0""S","148° 10'0""E"
Morawa,"29° 11'0""S","116° 2'0""E"
Morchard,"32° 35'0""S","138° 27'0""E"
Moree,"29° 27'30""S","149° 50'30""E"
Morgan,"34° 7'0""S","139° 41'0""E"
Mornington,"38° 14'0""S","145° 9'30""E"
Mortlake,"37° 59'30""S","142° 48'30""E"
Morundah,"34° 54'30""S","146° 24'0""E"
Moruya,"35° 53'30""S","150° 5'0""E"
Morven (QLD),"26° 7'0""S","146° 17'0""E"
Morwell,"38° 12'30""S","146° 21'30""E"
Mossman,"16° 30'0""S","145° 21'0""E"
Moulamein,"35° 10'30""S","144° 4'40""E"
Moulyinning,"33° 17'30""S","118° 2'0""E"
Mount Barker (SA),"35° 4'30""S","138° 48'30""E"
Mount Barker (WA),"34° 34'30""S","117° 35'0""E"
Mount Beaumont,"33° 33'0""S","122° 40'30""E"
Mount Beauty,"36° 38'30""S","147° 4'30""E"
Mount Bruce (Ext),"22° 52'0""S","118° 5'0""E"
Mount Buller,"37° 2'30""S","146° 23'0""E"
Mount Coolon,"21° 55'30""S","147° 12'0""E"
Mount Foster,"31° 22'30""S","147° 46'0""E"
Mount Fox,"18° 50'30""S","145° 57'0""E"
Mount Gambier,"37° 50'0""S","140° 52'0""E"
Mount Gardiner,"22° 46'30""S","150° 8'30""E"
Mount Garnet,"17° 43'30""S","145° 7'0""E"
Mount George (Ext) (WA),"25° 34'0""S","119° 21'0""E"
Mount George (NSW),"31° 49'30""S","152° 13'0""E"
Mount Hampton,"31° 32'0""S","118° 58'30""E"
Mount Helena,"31° 48'0""S","116° 17'0""E"
Mount Herring,"32° 42'30""S","146° 58'30""E"
Mount Hope,"34° 12'0""S","135° 26'0""E"
Mount Isa,"20° 39'10""S","139° 30'0""E"
Mount Larcom,"23° 48'41""S","150° 58'48""E"
Mount Madden,"33° 20'20""S","119° 59'0""E"
Mount Magnet,"28° 3'30""S","117° 50'0""E"
Mount Merivale,"33° 53'30""S","122° 9'30""E"
Mount Morgan,"23° 37'30""S","150° 24'30""E"
Mount Olive,"32° 19'0""S","151° 14'30""E"
Mount Perry,"25° 3'30""S","151° 45'0""E"
Mount Pleasant,"34° 48'0""S","138° 59'30""E"
Mount Richmond,"38° 8'0""S","141° 18'30""E"
Mount Stirling,"31° 46'0""S","117° 41'30""E"
Mount Surprise,"18° 21'0""S","143° 42'0""E"
Mount Taylor,"37° 38'30""S","147° 37'0""E"
Mount Tyson,"27° 34'0""S","151° 28'0""E"
Mount Walker South,"32° 1'30""S","118° 44'0""E"
Mount Wallace,"37° 42'0""S","144° 13'0""E"
Mount Wells,"32° 47'1""S","116° 19'19""E"
Mount Wilson,"33° 29'30""S","150° 20'0""E"
Moura,"24° 39'50""S","150° 4'0""E"
Moyhu,"36° 32'30""S","146° 18'30""E"
Moyston,"37° 20'0""S","142° 50'0""E"
Mudamuckla,"32° 14'0""S","133° 55'0""E"
Mudgee,"32° 35'30""S","149° 34'30""E"
Mukinbudin,"30° 54'30""S","118° 8'0""E"
Mulbring,"32° 55'0""S","151° 29'30""E"
Mulgildie,"25° 2'0""S","151° 6'30""E"
Mulgoa,"33° 52'30""S","150° 40'0""E"
Mullaley,"31° 4'30""S","149° 55'30""E"
Mullengudgery,"31° 29'30""S","147° 30'30""E"
Mullewa,"28° 34'30""S","115° 32'20""E"
Mullumbimby,"28° 35'0""S","153° 29'0""E"
Mundubbera,"25° 34'30""S","151° 20'0""E"
Mungery,"32° 36'30""S","147° 56'30""E"
Mungindi,"28° 59'30""S","149° 5'30""E"
Munglinup,"33° 36'30""S","121° 3'0""E"
Munro,"37° 52'30""S","147° 10'30""E"
Muntadgin East,"31° 46'30""S","118° 41'0""E"
Muradup,"33° 53'30""S","116° 53'0""E"
Murgon,"26° 13'30""S","152° 1'30""E"
Murrabit,"35° 33'30""S","143° 51'0""E"
Murray Bridge,"35° 8'0""S","139° 11'0""E"
Murrayville,"35° 13'0""S","141° 10'0""E"
Murringo,"34° 22'0""S","148° 33'0""E"
Murrurundi,"31° 50'15""S","150° 56'0""E"
Murtoa,"36° 37'30""S","142° 32'30""E"
Murwillumbah,"28° 20'30""S","153° 27'30""E"
Muswellbrook,"32° 15'30""S","150° 57'0""E"
Mutarnee,"18° 59'0""S","146° 4'0""E"
Mutchilba,"17° 6'0""S","145° 17'0""E"
Muttaburra,"23° 40'0""S","143° 6'0""E"
Myalup,"33° 6'30""S","115° 43'30""E"
Myamley,"32° 16'0""S","147° 8'30""E"
Mypolonga,"35° 2'0""S","139° 20'30""E"
Myrtleford,"36° 34'0""S","146° 48'0""E"
Nabawa,"28° 30'30""S","114° 48'30""E"
Nagambie,"36° 47'0""S","145° 8'0""E"
Nalyerlup,"34° 8'30""S","118° 28'30""E"
Nambour,"26° 40'30""S","152° 59'30""E"
Nanango,"26° 37'0""S","152° 1'30""E"
Nandaly,"35° 18'0""S","142° 40'0""E"
Nangetty,"29° 4'0""S","115° 19'0""E"
Nangiloc,"34° 32'30""S","142° 20'30""E"
Nangus,"35° 4'30""S","147° 55'0""E"
Nannup,"33° 58'0""S","115° 43'30""E"
Nantawarra,"34° 2'30""S","138° 17'0""E"
Naracoorte,"36° 55'30""S","140° 47'0""E"
Naradhan,"33° 33'30""S","146° 19'0""E"
Narembeen,"31° 59'0""S","118° 28'0""E"
Narembeen East,"32° 10'30""S","118° 32'0""E"
Nariel,"36° 14'40""S","147° 58'0""E"
Narooma,"36° 14'0""S","150° 0'30""E"
Narrabri,"30° 18'0""S","149° 47'0""E"
Narraburra,"34° 19'30""S","147° 43'30""E"
Narrakine,"32° 49'30""S","116° 45'30""E"
Narran (Ext),"29° 59'0""S","146° 44'0""E"
Narrandera,"34° 44'30""S","146° 26'30""E"
Narrogin,"32° 57'30""S","117° 11'0""E"
Narromine,"32° 14'0""S","148° 13'30""E"
Narrung,"35° 33'0""S","139° 7'0""E"
Nathalia,"36° 6'30""S","145° 14'0""E"
Nathan Gorge (Ext),"25° 10'0""S","150° 10'0""E"
Natimuk,"36° 45'30""S","141° 51'30""E"
Natya,"34° 53'0""S","143° 11'30""E"
Navarre,"36° 56'0""S","143° 2'30""E"
Nebo,"21° 26'0""S","148° 35'0""E"
Neerim South,"38° 1'0""S","145° 56'30""E"
Neilrex,"31° 51'0""S","149° 24'30""E"
Nelshaby,"33° 2'0""S","138° 5'30""E"
Nelson Bay,"32° 43'30""S","151° 59'0""E"
Neridup,"33° 42'0""S","122° 7'0""E"
Nerriga,"35° 13'30""S","149° 58'30""E"
Neville,"33° 43'30""S","149° 18'0""E"
New Norfolk,"42° 48'30""S","147° 2'30""E"
New Well,"34° 22'30""S","139° 51'0""E"
Newcastle,"32° 54'0""S","151° 42'0""E"
Newdegate,"33° 1'0""S","118° 50'45""E"
Newdegate East,"33° 4'30""S","119° 13'0""E"
Newdegate North,"32° 54'40""S","119° 3'30""E"
Newman,"23° 8'20""S","119° 35'0""E"
Newstead,"37° 10'0""S","144° 1'0""E"
Nhill,"36° 21'30""S","141° 40'30""E"
Nhulunbuy,"12° 20'30""S","136° 47'0""E"
Nimbin,"28° 36'30""S","153° 15'30""E"
Nimmitabel,"36° 27'0""S","149° 19'0""E"
Nirranda,"38° 27'30""S","142° 45'0""E"
Nobby,"27° 53'0""S","151° 49'30""E"
Nogoa,"23°26'25""S ","148°22'28""E"
Nomans Lake,"32° 55'40""S","117° 28'0""E"
Noonamah,"12° 38'30""S","131° 1'0""E"
Noosaville,"26° 27'45""S","153° 2'30""E"
Normanton,"17° 41'0""S","141° 4'0""E"
Norseman,"32° 7'30""S","121° 49'0""E"
North Star,"28° 53'0""S","150° 20'30""E"
Northam,"31° 38'0""S","116° 43'0""E"
Northampton,"28° 21'30""S","114° 36'0""E"
Northern Gully,"28° 42'0""S","114° 54'0""E"
Nowa Nowa,"37° 40'0""S","148° 4'30""E"
Nowendoc,"31° 25'30""S","151° 39'0""E"
Nowra,"34° 55'30""S","150° 39'0""E"
Nubeena,"43° 6'0""S","147° 50'0""E"
Nullamanna,"29° 43'30""S","151° 19'45""E"
Nullarbor (Ext),"31° 0'0""S","125° 20'0""E"
Nullawil,"35° 55'30""S","143° 19'0""E"
Numeralla,"36° 11'30""S","149° 26'30""E"
Numurkah,"36° 5'30""S","145° 25'0""E"
Nundle,"31° 22'0""S","151° 8'0""E"
Nungarin,"31° 11'0""S","118° 5'30""E"
Nunjikompita,"32° 16'16""S","134° 20'10""E"
Nyabing,"33° 32'0""S","118° 5'30""E"
Nyah,"35° 6'30""S","143° 15'0""E"
Nyamup,"34° 23'0""S","116° 16'0""E"
Nyngan,"31° 36'0""S","147° 9'30""E"
Oakey,"27° 29'0""S","151° 42'0""E"
Oakey Creek,"29° 45'0""S","150° 36'0""E"
Oaklands,"35° 37'0""S","146° 15'0""E"
Oatlands,"42° 20'30""S","147° 19'0""E"
Oban,"30° 9'0""S","151° 54'0""E"
Oberon,"33° 40'0""S","149° 49'0""E"
Ogunbil,"31° 18'0""S","151° 19'30""E"
Omanama,"28° 24'30""S","151° 19'30""E"
Omeo,"37° 1'0""S","147° 35'0""E"
Ongerup North,"33° 46'30""S","118° 20'30""E"
Onslow,"21° 38'30""S","115° 6'30""E"
Ooma,"33° 39'0""S","148° 9'0""E"
Oombabeer,"24° 32'30""S","149° 36'0""E"
Orange,"33° 18'0""S","149° 7'30""E"
Orbost,"37° 43'0""S","148° 24'30""E"
Ord (Ext),"17° 45'30""S","127° 55'45""E"
Orford,"42° 36'0""S","147° 43'0""E"
Orion,"24° 18'0""S","148° 3'0""E"
Ormeau,"27° 47'50""S","153° 15'0""E"
Orroroo,"32° 51'5""S","138° 32'40""E"
Ournie,"35° 55'20""S","147° 53'0""E"
Ouse,"42° 30'0""S","146° 42'0""E"
Ouyen,"35° 3'30""S","142° 18'30""E"
Ozenkadnook,"36° 53'0""S","141° 20'0""E"
Pacific Palms,"32° 17'30""S","152° 27'0""E"
Paddys River,"34° 33'0""S","150° 5'30""E"
Padthaway,"36° 41'30""S","140° 33'0""E"
Pakenham,"38° 2'30""S","145° 30'30""E"
Palinyewah,"33° 55'0""S","142° 1'0""E"
Pallamallawa,"29° 26'0""S","150° 9'30""E"
Palm Island,"18° 44'30""S","146° 34'30""E"
Pan Ban,"34° 8'30""S","142° 22'30""E"
Panmure,"38° 15'5""S","142° 39'15""E"
Pannawonica,"21° 35'30""S","116° 16'0""E"
Pantapin,"31° 58'30""S","117° 38'30""E"
Paraburdoo,"23° 3'30""S","117° 32'0""E"
Parkes,"33° 9'0""S","148° 9'30""E"
Parndana,"35° 49'30""S","137° 20'0""E"
Paroo (Ext),"28° 18'0""S","143° 50'0""E"
Parramatta,"33° 52'0""S","151° 12'0""E"
Paruna,"34° 38'30""S","140° 40'0""E"
Paskeville,"34° 6'30""S","137° 54'30""E"
Patchewollock,"35° 29'30""S","142° 15'30""E"
Paynes Find (Ext),"29° 47'30""S","117° 8'40""E"
Peak Hill,"32° 43'30""S","148° 15'30""E"
Peake,"35° 17'30""S","139° 53'0""E"
Peebinga,"34° 59'30""S","140° 50'0""E"
Pegunny,"24° 39'0""S","149° 43'0""E"
Pemberton,"34° 30'30""S","116° 6'0""E"
Peninsula (Ext),"14° 16'0""S","142° 59'0""E"
Penneshaw,"35° 49'30""S","137° 48'0""E"
Penola,"37° 27'0""S","140° 50'0""E"
Penong,"31° 29'0""S","131° 57'0""E"
Penrith,"33° 45'0""S","150° 41'0""E"
Penshurst,"37° 55'30""S","142° 18'30""E"
Pentland,"20° 43'0""S","145° 57'0""E"
Perenjori,"29° 27'0""S","116° 15'15""E"
Perenjori East,"29° 27'0""S","116° 31'0""E"
Perillup,"34° 33'0""S","117° 19'30""E"
Perponda,"34° 55'0""S","139° 51'0""E"
Perth,"31° 57'30""S","115° 51'0""E"
Peterborough,"32° 57'30""S","138° 44'30""E"
Petermann (Ext),"25° 28'0""S","129° 34'0""E"
Pialba,"25° 21'30""S","152° 49'0""E"
Picola,"36° 2'30""S","145° 6'0""E"
Picton,"34° 13'30""S","150° 34'0""E"
Pikedale,"28° 33'0""S","151° 37'0""E"
Pilliga,"30° 22'30""S","148° 54'20""E"
Pimpara (Ext),"30° 11'0""S","141° 50'0""E"
Pindar South,"28° 34'0""S","115° 45'0""E"
Pine Creek,"14° 31'0""S","133° 58'0""E"
Pine Point,"34° 33'0""S","137° 50'30""E"
Pine Ridge,"31° 30'30""S","150° 20'0""E"
Pingaring,"32° 46'0""S","118° 39'0""E"
Pingelly,"32° 36'0""S","117° 4'0""E"
Pingelly East,"32° 35'30""S","117° 23'0""E"
Pingrup,"33° 26'45""S","118° 30'20""E"
Pingrup East,"33° 33'0""S","118° 43'30""E"
Pinjarra,"32° 35'30""S","115° 57'0""E"
Pinkett,"29° 57'0""S","152° 1'0""E"
Pinnaroo,"35° 15'43""S","140° 54'24""E"
Pittsworth,"27° 42'0""S","151° 39'0""E"
Plenty (Ext),"22° 25'0""S","134° 20'0""E"
Plumthorpe,"30° 25'40""S","150° 25'0""E"
Point Cook,"37° 49'0""S","144° 57'0""E"
Policemans Point,"36° 10'30""S","139° 42'15""E"
Polkemmet,"36° 38'0""S","141° 51'0""E"
Pomborneit,"38° 9'0""S","143° 19'0""E"
Pomona,"26° 19'30""S","152° 52'30""E"
Poochera,"32° 44'0""S","134° 54'0""E"
Poolaijelo,"37° 12'0""S","141° 10'30""E"
Pooncarie,"34° 8'30""S","142° 22'30""E"
Poowong,"38° 21'0""S","145° 48'0""E"
Porongurup,"34° 43'0""S","117° 49'30""E"
Port Augusta,"32° 31'30""S","137° 51'0""E"
Port Broughton,"33° 39'0""S","137° 59'30""E"
Port Fairy,"38° 17'30""S","142° 8'0""E"
Port Hedland,"20° 22'30""S","118° 32'0""E"
Port Kenny,"33°8'30""S ","134°40'30""E"
Port Lincoln,"34° 41'30""S","135° 46'0""E"
Port Macdonnell,"37° 59'0""S","140° 49'30""E"
Port Macquarie,"31° 30'10""S","152° 46'0""E"
Port Neill,"34° 10'30""S","136° 14'0""E"
Port Pirie,"33° 13'0""S","138° 3'30""E"
Port Victoria,"34° 32'30""S","137° 38'0""E"
Port Wakefield,"34° 14'30""S","138° 13'0""E"
Portland (NSW),"33° 13'0""S","150° 1'0""E"
Portland (VIC),"38° 15'30""S","141° 31'0""E"
Prairie,"20° 25'0""S","144° 28'0""E"
Proserpine,"20° 23'0""S","148° 31'30""E"
Proston,"26° 7'0""S","151° 39'10""E"
Puckapunyal,"37° 1'30""S","145° 0'30""E"
Pumphreys,"32° 38'0""S","116° 49'0""E"
Purlewaugh,"31° 18'40""S","149° 37'0""E"
Putty,"32° 55'25""S","150° 42'20""E"
Pyalong,"37° 11'0""S","144° 53'55""E"
Pyengana,"41° 17'25""S","148° 4'20""E"
Pyramid Hill,"36° 0'0""S","144° 5'0""E"
Quairading,"31° 59'45""S","117° 28'0""E"
Quambatook,"35° 48'25""S","143° 44'0""E"
Quambone,"30° 51'0""S","147° 57'30""E"
Quandialla,"33° 58'0""S","147° 50'30""E"
Queenscliff,"38° 13'0""S","144° 34'0""E"
Queenstown,"42° 0'30""S","145° 28'0""E"
Quilpie,"26° 32'0""S","144° 12'0""E"
Quindanning,"32° 59'30""S","116° 40'0""E"
Quirindi,"31° 28'30""S","150° 42'0""E"
Quorn,"32° 22'30""S","138° 3'0""E"
Rainbow,"35° 56'30""S","142° 6'0""E"
Rand,"35° 41'30""S","146° 42'30""E"
Ranken River (Ext),"18° 28'0""S","136° 59'0""E"
Rankins Springs,"33° 52'30""S","146° 15'0""E"
Rannock,"34° 38'30""S","147° 10'30""E"
Rappville,"29° 6'0""S","152° 56'0""E"
Rathdowney,"28° 10'30""S","152° 53'0""E"
Ravensbourne,"27° 21'0""S","152° 7'0""E"
Ravenshoe,"17° 34'0""S","145° 29'0""E"
Ravensthorpe,"33° 39'0""S","120° 8'0""E"
Ravensthorpe West,"33° 31'0""S","119° 46'0""E"
Ravenswood,"20° 38'0""S","146° 48'0""E"
Ravensworth,"32° 23'30""S","151° 2'30""E"
Rawdon Vale,"32° 1'30""S","151° 47'5""E"
Raymond Terrace,"32° 43'30""S","151° 45'30""E"
Raywood,"36° 34'30""S","144° 12'0""E"
Red Hill,"38° 22'30""S","145° 5'0""E"
Redcliffe,"27° 15'30""S","152° 59'30""E"
Redesdale,"37° 3'0""S","144° 34'0""E"
Redhill,"33° 30'30""S","138° 15'0""E"
Redridge,"25° 11'0""S","152° 29'0""E"
Reedy Creek,"37° 5'30""S","140° 3'30""E"
Regans Ford,"30° 52'0""S","115° 45'0""E"
Reids Flat,"34° 5'30""S","148° 55'0""E"
Reidsdale,"35° 33'0""S","149° 54'0""E"
Rendelsham,"37° 28'30""S","140° 4'30""E"
Renmark,"34° 7'0""S","140° 46'30""E"
Rennie,"35° 49'7""S","146° 5'15""E"
Richmond (QLD),"20° 44'0""S","143° 8'30""E"
Richmond (TAS),"42° 41'30""S","147° 27'0""E"
Ringarooma,"41° 16'0""S","147° 45'30""E"
Ringwood,"37° 49'0""S","144° 57'0""E"
Riverton,"34° 7'5""S","138° 50'0""E"
Robe,"37° 7'30""S","139° 52'0""E"
Robertson,"34° 34'0""S","150° 32'0""E"
Robertstown,"33° 57'30""S","139° 3'30""E"
Robinson Gorge (Ext),"25° 16'0""S","149° 18'30""E"
Robinvale,"34° 39'0""S","142° 49'0""E"
Rochester,"36° 21'30""S","144° 46'30""E"
Rockhampton,"23° 20'30""S","150° 31'0""E"
Rockingham,"32° 20'30""S","115° 48'0""E"
Rockley,"33° 42'30""S","149° 32'0""E"
Rocky Creek,"29° 20'0""S","151° 31'30""E"
Rocky Glen,"31° 7'30""S","149° 31'0""E"
Rocky Gully,"34° 25'30""S","117° 10'0""E"
Rodinga (Ext),"25° 34'0""S","134° 23'0""E"
Roebuck (Ext),"19° 54'0""S","123° 27'0""E"
Rokewood,"37° 50'0""S","143° 41'50""E"
Rolleston,"24° 18'0""S","148° 3'0""E"
Rollingstone,"19° 9'0""S","146° 19'0""E"
Roma,"26° 33'0""S","148° 37'0""E"
Romsey,"37° 19'30""S","144° 45'0""E"
Rookhurst,"31° 50'0""S","151° 54'0""E"
Roper River (Ext),"14° 31'0""S","133° 58'0""E"
Rosebery,"41° 48'30""S","145° 29'30""E"
Rosebud,"38° 24'0""S","144° 55'0""E"
Rosedale (QLD),"24° 35'0""S","151° 58'30""E"
Rosedale (VIC),"38° 14'0""S","146° 48'0""E"
Rosevale,"27° 49'0""S","152° 28'0""E"
Rosewood,"27° 38'30""S","152° 35'30""E"
Rossarden,"41° 42'30""S","147° 41'30""E"
Rottnest,"32° 0'30""S","115° 33'0""E"
Rowena,"29° 49'30""S","148° 53'0""E"
Roxby Downs,"30° 33'46""S","136° 53'55""E"
Rudall,"33° 38'10""S","136° 10'0""E"
Rufus River,"34° 1'30""S","141° 8'0""E"
Rugby,"34° 21'0""S","149° 1'30""E"
Running Stream,"33° 1'0""S","149° 53'30""E"
Rushworth,"36° 34'0""S","144° 59'30""E"
Russell Island,"27° 38'0""S","153° 23'0""E"
Rye Park,"34° 36'30""S","148° 52'0""E"
Sale,"38° 8'0""S","147° 0'30""E"
Salisbury,"34° 44'30""S","138° 40'30""E"
Salmon Gums,"32° 53'0""S","121° 43'0""E"
Samford,"27° 20'30""S","152° 49'30""E"
San Remo,"38° 29'0""S","145° 33'0""E"
Sanderston,"34° 43'30""S","139° 8'30""E"
Sandfire (Ext),"21° 2'30""S","121° 50'0""E"
Sandgate,"27° 28'0""S","153° 1'0""E"
Sandigo,"34° 54'0""S","146° 37'30""E"
Sandleton,"34° 27'0""S","139° 18'0""E"
Sandy Flat,"29° 12'30""S","152° 2'0""E"
Sarina,"21° 21'0""S","149° 12'30""E"
Savage River,"41° 23'0""S","145° 22'0""E"
Scaddan West,"33° 21'30""S","121° 29'0""E"
Scarsdale,"37° 41'30""S","143° 44'0""E"
Scone,"32° 1'0""S","150° 56'0""E"
Scotia (Ext),"33° 54'30""S","141° 30'30""E"
Scottsdale,"41° 10'30""S","147° 31'30""E"
Sea Lake,"35° 30'30""S","142° 47'0""E"
Seaspray,"38° 21'30""S","147° 2'30""E"
Sedan,"34° 35'0""S","139° 21'0""E"
Serviceton,"36° 18'30""S","141° 6'0""E"
Seymour,"37° 1'0""S","145° 14'5""E"
Shackleton,"31° 55'10""S","117° 51'0""E"
Shannons Flat,"35° 52'55""S","149° 2'20""E"
Sheffield,"41° 24'30""S","146° 19'0""E"
Shepparton,"36° 20'0""S","145° 24'0""E"
Sheringa,"33° 50'0""S","135° 15'0""E"
Short,"37° 22'5""S","140° 37'25""E"
Silkwood,"17° 43'30""S","146° 0'0""E"
Simpson (Ext),"23° 50'0""S","136° 45'0""E"
Singleton,"32° 35'0""S","151° 6'30""E"
Skipton,"37° 41'45""S","143° 25'30""E"
Sleaford Mere,"34° 51'0""S","135° 48'0""E"
Smithton,"40° 53'30""S","145° 2'30""E"
Smithtown,"31° 1'0""S","152° 59'0""E"
Snowtown,"33° 47'40""S","138° 17'0""E"
Somerton,"31° 0'0""S","150° 36'30""E"
Sorell,"42° 46'30""S","147° 35'0""E"
South Bruny,"43° 18'10""S","147° 18'30""E"
South Hummocks,"34° 6'0""S","138° 7'0""E"
South Johnstone,"17° 33'0""S","145° 57'0""E"
South Kumminin,"32° 11'0""S","118° 18'30""E"
South Purrumbete,"38° 23'0""S","143° 12'0""E"
South Quairading,"32° 7'30""S","117° 33'0""E"
Southern Cross,"31° 17'0""S","119° 22'0""E"
Southport,"27° 57'0""S","153° 20'0""E"
Southwest (Ext),"43°13'0""S ","146°6'0""E"
Southwood,"27° 45'26""S","149° 59'33""E"
Spalding,"33° 36'30""S","138° 36'30""E"
Spearwood,"32° 10'0""S","115° 50'0""E"
Speddingup East,"33° 31'30""S","122° 3'0""E"
Spier,"24° 18'0""S","150° 21'30""E"
Spilsby,"34°40'0""S ","136°20'0""E"
Spring Plains,"29° 55'0""S","149° 12'30""E"
Springdale,"34° 29'30""S","147° 42'30""E"
Springsure,"24° 18'0""S","148° 3'0""E"
St Albans,"33° 15'30""S","150° 57'0""E"
St Arnaud,"36° 33'30""S","143° 12'0""E"
St George,"28° 3'0""S","148° 35'0""E"
St Helens,"41° 17'30""S","148° 14'0""E"
St James,"36° 19'0""S","145° 51'0""E"
St Lawrence,"22° 13'0""S","149° 28'0""E"
St Marys,"41° 33'30""S","148° 11'0""E"
Stanbridge,"34° 28'30""S","146° 11'30""E"
Stanley,"40° 55'0""S","145° 18'30""E"
Stanthorpe,"28° 38'30""S","151° 56'0""E"
Stawell,"37° 4'30""S","142° 50'30""E"
Stockinbingal,"34° 32'0""S","147° 55'30""E"
Stoneleigh,"37° 37'0""S","143° 14'0""E"
Strathalbyn,"35° 16'30""S","138° 49'30""E"
Strathbogie,"36° 49'0""S","145° 47'0""E"
Strathdownie,"37° 42'30""S","141° 16'0""E"
Strathfieldsaye,"36° 51'0""S","144° 27'0""E"
Strathgordon,"42° 44'30""S","146° 19'0""E"
Streaky Bay,"32° 47'0""S","134° 14'0""E"
Streatham,"37° 39'25""S","142° 59'15""E"
Stroud,"32° 25'30""S","151° 57'0""E"
Stuart Town,"32° 49'0""S","149° 4'0""E"
Stuarts Point,"30° 50'0""S","152° 52'30""E"
Studleigh,"31° 19'30""S","117° 5'0""E"
Sunbury,"37° 40'0""S","144° 40'30""E"
Surat,"27° 8'43""S","149° 8'8""E"
Sutherland,"33° 52'0""S","151° 12'0""E"
Swan Hill,"35° 21'0""S","143° 34'30""E"
Swan Marsh,"38° 20'0""S","143° 24'0""E"
Swan Reach,"34° 35'30""S","139° 39'0""E"
Swanpool,"36° 48'0""S","146° 0'0""E"
Swansea (NSW),"33° 4'30""S","151° 31'30""E"
Swansea (TAS),"42° 8'30""S","147° 59'30""E"
Swifts Creek,"37° 14'0""S","147° 35'0""E"
Sydenham,"37° 49'0""S","144° 57'0""E"
Sydney,"33° 52'0""S","151° 12'0""E"
Tabers,"26° 20'30""S","148° 38'30""E"
Tablelands (Ext),"18° 24'0""S","134° 9'0""E"
Tabulam,"28° 59'0""S","152° 37'30""E"
Taggerty,"37° 23'0""S","145° 40'30""E"
Tahara,"37° 45'0""S","141° 46'0""E"
Tailem Bend,"35° 16'30""S","139° 28'30""E"
Talbingo,"35° 31'0""S","148° 19'0""E"
Talbot,"37° 10'20""S","143° 40'20""E"
Talbot Brook,"32° 1'30""S","116° 39'30""E"
Taldra,"34° 22'0""S","140° 51'30""E"
Talgarno,"35° 59'0""S","147° 14'30""E"
Tallangatta,"36° 14'45""S","147° 12'50""E"
Tallangatta Valley,"36° 18'40""S","147° 26'10""E"
Tallimba,"34° 3'0""S","146° 55'0""E"
Talmalmo,"35° 58'0""S","147° 26'0""E"
Talwood,"28° 21'0""S","149° 41'30""E"
Tambar Springs,"31° 19'30""S","149° 56'30""E"
Tambellup,"33° 57'30""S","117° 30'30""E"
Tambo,"26° 7'0""S","146° 17'0""E"
Tamborine Mountain,"27° 57'25""S","153° 10'20""E"
Tammin,"31° 40'0""S","117° 27'30""E"
Tamworth,"31° 4'30""S","150° 56'0""E"
Tanami (Ext),"21° 29'0""S","130° 58'0""E"
Tandora,"25° 14'20""S","151° 0'0""E"
Tankerton,"38° 22'0""S","145° 21'0""E"
Tansey,"26° 2'0""S","152° 2'30""E"
Tantanoola,"37° 45'0""S","140° 26'30""E"
Tanunda,"34° 32'30""S","139° 1'0""E"
Taplan,"34° 33'30""S","140° 51'10""E"
Tara,"27° 13'30""S","150° 33'0""E"
Tarago,"35° 4'0""S","149° 42'30""E"
Taralga,"34° 28'30""S","149° 47'30""E"
Taratap,"36° 39'30""S","139° 53'0""E"
Tarcoola,"30° 28'0""S","135° 58'0""E"
Tarcutta,"35° 16'30""S","147° 46'0""E"
Taree,"31° 56'0""S","152° 29'0""E"
Targa,"41° 22'0""S","147° 23'45""E"
Tarin Rock,"33° 8'50""S","118° 15'0""E"
Taroom,"25° 38'33""S","149° 47'45""E"
Tarpeena,"37° 38'0""S","140° 50'30""E"
Tarraleah,"42° 16'0""S","146° 21'30""E"
Tarwonga,"33° 9'30""S","117° 6'0""E"
Tathra,"36° 38'30""S","149° 57'30""E"
Tatong,"36° 47'0""S","146° 12'0""E"
Tatura,"36° 33'0""S","145° 15'0""E"
Taylors Arm,"30° 43'0""S","152° 40'0""E"
Taylorville,"34° 4'30""S","139° 55'0""E"
Tea Gardens,"32° 36'0""S","152° 7'0""E"
Teelba,"27° 43'45""S","149° 27'45""E"
Telegraph Point,"31° 17'30""S","152° 47'30""E"
Telfer,"21° 2'30""S","121° 50'0""E"
Telopea Downs,"36° 10'30""S","141° 6'30""E"
Temora,"34° 26'0""S","147° 26'10""E"
Tempy,"35° 15'30""S","142° 27'0""E"
Tenindewa,"28° 37'30""S","115° 23'30""E"
Tennant Creek,"19° 39'0""S","134° 11'30""E"
Tennyson,"36° 20'0""S","144° 27'0""E"
Tenterden (NSW),"30° 7'50""S","151° 30'30""E"
Tenterden (WA),"34° 23'30""S","117° 33'0""E"
Tenterfield,"28° 59'30""S","152° 0'0""E"
Tepco (Ext),"32° 15'0""S","141° 5'0""E"
Terang,"38° 10'30""S","142° 55'0""E"
Teridgerie,"30° 53'30""S","148° 48'0""E"
Terowie,"33° 12'0""S","138° 53'0""E"
Terrey Hills,"33° 52'0""S","151° 12'0""E"
Texas,"28° 48'0""S","151° 11'30""E"
Thallon,"28° 34'30""S","148° 54'6""E"
Thargomindah,"28° 18'0""S","143° 50'0""E"
The Caves,"23° 6'0""S","150° 26'30""E"
The Darling (Ext),"32° 46'0""S","142° 29'0""E"
The Gums,"27° 20'0""S","150° 17'0""E"
The Monument,"20° 35'0""S","138° 57'0""E"
The Mullion,"35° 5'55""S","149° 1'20""E"
The Ranges (Ext),"32° 25'0""S","136° 51'0""E"
The Rock,"35° 15'40""S","147° 6'0""E"
Theodore,"24° 57'0""S","150° 4'0""E"
Thistle,"35° 0'0""S","136° 10'0""E"
Thomson (Ext),"23° 40'0""S","143° 6'0""E"
Thoona,"36° 17'50""S","146° 2'25""E"
Thora,"30° 28'30""S","152° 38'0""E"
Thornlea,"37° 29'0""S","140° 18'0""E"
Thornton,"27° 48'0""S","152° 24'0""E"
Thredbo Village,"36° 23'0""S","148° 25'0""E"
Three Springs,"29° 29'30""S","115° 44'30""E"
Thursday Island,"10° 46'0""S","142° 20'30""E"
Tiaro,"25° 46'0""S","152° 43'0""E"
Tibooburra,"30° 11'0""S","141° 50'0""E"
Tidal River,"38° 50'0""S","146° 8'30""E"
Tieri,"23° 9'30""S","148° 16'0""E"
Tilley Swamp,"36° 28'45""S","139° 55'30""E"
Timboon,"38° 31'25""S","142° 59'50""E"
Tingha,"29° 56'30""S","151° 15'0""E"
Tintinara,"35° 58'10""S","140° 8'50""E"
Tipton,"27° 25'0""S","151° 17'0""E"
Tiwi (Ext),"11°29'0""S ","130°49'0""E"
Tocumwal,"35° 50'30""S","145° 28'0""E"
Tom Price,"22° 45'30""S","117° 38'30""E"
Tonebridge,"34° 8'0""S","116° 35'30""E"
Tongala,"36° 12'0""S","144° 57'30""E"
Toobeah,"28° 13'30""S","150° 3'0""E"
Toodyay,"31° 27'30""S","116° 30'0""E"
Toogoolawah,"27° 4'30""S","152° 26'20""E"
Tooligie Hill,"33° 52'30""S","135° 47'0""E"
Tooma,"35° 58'30""S","148° 7'0""E"
Toora,"38° 35'30""S","146° 21'0""E"
Tooraweenah,"31° 32'30""S","148° 50'0""E"
Toorooka,"30° 53'30""S","152° 39'0""E"
Toowoomba,"27° 31'30""S","151° 56'0""E"
Torquay,"38° 16'30""S","144° 19'0""E"
Torres (Ext),"10° 15'0""S","142° 30'0""E"
Tottenham,"32° 18'0""S","147° 21'0""E"
Townsville,"19° 17'30""S","146° 48'0""E"
Trafalgar,"38° 13'30""S","146° 9'0""E"
Trangie,"32° 1'0""S","148° 3'30""E"
Traralgon,"38° 9'30""S","146° 36'0""E"
Trayning,"31° 6'0""S","117° 52'30""E"
Traynors Lagoon,"36° 36'10""S","143° 1'15""E"
Trentham,"37° 21'0""S","144° 22'30""E"
Trundle,"32° 53'30""S","147° 36'0""E"
Truro,"34° 23'30""S","139° 5'0""E"
Tuena,"34° 7'0""S","149° 32'15""E"
Tullakool,"35° 25'30""S","144° 1'30""E"
Tullamore,"32° 36'0""S","147° 35'0""E"
Tullibigeal,"33° 24'55""S","146° 49'30""E"
Tully,"17° 53'30""S","145° 58'30""E"
Tumbarumba,"35° 41'0""S","147° 59'0""E"
Tumby Bay,"34° 22'0""S","136° 0'0""E"
Tumorrama,"35° 7'0""S","148° 26'30""E"
Tumut,"35° 18'40""S","148° 17'30""E"
Tungamah,"36° 7'0""S","145° 54'0""E"
Tungamull,"23° 22'30""S","150° 44'30""E"
Turkey Beach,"24° 5'0""S","151° 42'0""E"
Turriff,"35° 30'0""S","142° 30'0""E"
Tweed Heads,"28° 8'35""S","153° 24'10""E"
Twelve Mile,"32° 36'30""S","149° 19'0""E"
Two Wells,"34° 34'30""S","138° 28'30""E"
Tyagong,"34° 0'0""S","148° 9'30""E"
Tyalgum,"28° 23'0""S","153° 16'0""E"
Tyrendarra,"38° 12'20""S","141° 47'50""E"
Tyrie,"32° 6'0""S","147° 39'30""E"
Tyringham,"30° 10'0""S","152° 35'0""E"
Ubobo,"24° 17'30""S","151° 20'30""E"
Ulong,"30° 12'0""S","152° 52'0""E"
Ultima,"35° 31'0""S","143° 25'30""E"
Ulverstone,"41° 18'0""S","146° 5'0""E"
Undera,"36° 13'15""S","145° 15'30""E"
Underbool,"35° 9'20""S","141° 55'30""E"
Ungarie,"33° 43'30""S","146° 56'30""E"
Ungarra,"34° 8'0""S","136° 0'30""E"
Unicup,"34° 23'0""S","116° 51'30""E"
Upper Gascoyne (Ext),"24° 0'0""S","116° 2'0""E"
Upper Horton,"30° 12'0""S","150° 36'5""E"
Upper Preston,"33° 36'30""S","116° 4'0""E"
Upper Stone,"18° 42'0""S","146° 2'30""E"
Upper Widgee,"26° 12'0""S","152° 29'30""E"
Uralla,"30° 39'0""S","151° 27'47""E"
Urana,"35° 19'30""S","146° 26'0""E"
Urbenville,"28° 30'30""S","152° 32'0""E"
Uriarra Forest,"35° 15'30""S","148° 54'30""E"
Valley Downs,"26° 43'49""S","148° 29'6""E"
Varley,"32° 48'30""S","119° 28'0""E"
Victor Harbor,"35° 31'0""S","138° 34'30""E"
Victoria River (Ext),"16° 32'0""S","130° 38'0""E"
Victoria Valley,"37° 28'30""S","142° 18'30""E"
Violet Town,"36° 38'30""S","145° 43'0""E"
Wagga Wagga,"35° 8'0""S","147° 23'30""E"
Wagin,"33° 21'30""S","117° 25'30""E"
Wagoora,"20° 49'30""S","148° 41'30""E"
Waikerie,"34° 12'30""S","139° 54'0""E"
Waitchie,"35° 18'0""S","143° 12'0""E"
Wakool,"35° 27'40""S","144° 24'5""E"
Walcha,"31° 3'0""S","151° 39'30""E"
Walcha Road,"30° 55'0""S","151° 24'0""E"
Walgett,"29° 59'30""S","148° 8'30""E"
Walkaway,"28° 57'30""S","114° 50'30""E"
Walker (Ext),"20° 25'0""S","144° 28'0""E"
Walker Flat,"34° 47'30""S","139° 28'30""E"
Walkerston,"21° 13'0""S","148° 57'0""E"
Walla Walla,"35° 50'30""S","146° 48'0""E"
Wallacedale,"37° 56'30""S","141° 46'30""E"
Wallanthery,"33° 26'30""S","145° 48'30""E"
Wallendbeen,"34° 29'30""S","148° 6'0""E"
Wallumbilla,"26° 34'0""S","149° 2'30""E"
Walpole,"34° 55'0""S","116° 51'30""E"
Walsh River (Ext),"16° 53'0""S","143° 44'0""E"
Walwa,"36° 1'20""S","147° 37'10""E"
Walyurin,"32° 51'30""S","118° 21'0""E"
Wanbi,"34° 42'0""S","140° 23'0""E"
Wandearah East,"33° 25'30""S","138° 4'30""E"
Wandoan,"26° 7'23""S","149° 57'41""E"
Wanganella,"35° 10'0""S","144° 52'0""E"
Wangaratta,"36° 20'30""S","146° 20'30""E"
Wanilla,"34° 29'0""S","135° 43'0""E"
Wannamal,"31° 6'30""S","116° 2'30""E"
Wanneroo,"31° 44'30""S","115° 50'0""E"
Wantabadgery,"35° 4'0""S","147° 40'0""E"
Waratah,"41° 23'30""S","145° 35'30""E"
Warburton,"37° 47'0""S","145° 43'0""E"
Wards River,"32° 14'30""S","151° 53'0""E"
Warialda,"29° 33'25""S","150° 34'35""E"
Warooka,"35° 4'0""S","137° 17'0""E"
Waroona,"32° 52'0""S","115° 58'0""E"
Warra,"27° 2'0""S","150° 53'30""E"
Warracknabeal,"36° 17'30""S","142° 24'0""E"
Warradarge,"29° 55'0""S","115° 35'30""E"
Warragul,"38° 11'30""S","145° 55'0""E"
Warralakin,"31° 1'30""S","118° 23'30""E"
Warralonga,"33° 58'0""S","147° 29'30""E"
Warrawidgee,"34° 14'0""S","145° 44'30""E"
Warrego (Ext),"26° 7'0""S","146° 17'0""E"
Warren,"31° 48'0""S","147° 52'0""E"
Warrington,"30° 44'0""S","148° 16'20""E"
Warrnambool,"38° 19'30""S","142° 29'0""E"
Warrumbungle,"31° 17'30""S","148° 46'0""E"
Warwick,"28° 12'30""S","152° 4'0""E"
Watchem,"36° 11'0""S","142° 56'0""E"
Waterhouse,"40° 57'0""S","147° 41'0""E"
Watheroo,"30° 23'30""S","116° 15'0""E"
Wedderburn,"36° 29'20""S","143° 36'50""E"
Wedge,"35° 10'0""S","136° 27'30""E"
Wee Elwah (Ext),"32° 56'0""S","145° 13'0""E"
Wee Waa,"30° 11'0""S","149° 26'30""E"
Weelong,"33° 32'0""S","147° 42'0""E"
Weemelah,"29° 2'0""S","149° 21'0""E"
Weetaliba,"31° 39'50""S","149° 37'45""E"
Weethalle,"33° 52'0""S","146° 39'0""E"
Weipa,"12° 38'30""S","141° 55'0""E"
Wellingrove,"29° 45'30""S","151° 34'0""E"
Wellington,"32° 33'50""S","148° 54'50""E"
Wemen,"34° 39'0""S","142° 35'30""E"
Wenna,"29° 37'30""S","149° 6'0""E"
Wentworth,"34° 6'30""S","141° 59'30""E"
Werribee,"37° 53'0""S","144° 37'0""E"
Werrimull,"34° 20'30""S","141° 28'30""E"
West River,"33° 42'30""S","119° 45'0""E"
West Wyalong,"33° 56'30""S","147° 8'30""E"
Westbury,"41° 31'0""S","146° 55'30""E"
Western Flat,"36° 33'30""S","140° 41'0""E"
Westgrove (Ext),"25° 30'0""S","148° 22'0""E"
Westmar,"27° 42'16""S","149° 44'21""E"
Westonia,"31° 21'0""S","118° 40'0""E"
Westwood,"23° 31'0""S","150° 8'0""E"
Whaleback (Ext),"22° 46'30""S","120° 4'0""E"
Wharminda,"33° 53'0""S","136° 18'0""E"
Whiporie,"29° 17'30""S","153° 1'0""E"
White Cliffs,"31° 33'0""S","143° 12'0""E"
Whitemark,"40° 14'30""S","148° 11'0""E"
Whittlesea,"37° 35'30""S","145° 13'0""E"
Whorouly,"36° 28'30""S","146° 31'0""E"
Whyalla,"32° 57'0""S","137° 34'30""E"
Wialki North,"30° 27'30""S","118° 7'0""E"
Wiangaree,"28° 25'0""S","152° 57'30""E"
Wickepin,"32° 44'0""S","117° 22'30""E"
Wickepin East,"32° 46'0""S","117° 42'30""E"
Widden Valley,"32° 33'0""S","150° 24'30""E"
Widgeland,"31° 54'0""S","147° 6'0""E"
Wilcannia,"31° 34'0""S","143° 23'0""E"
Wilga,"33° 45'0""S","116° 17'30""E"
Wilgoyne,"30° 49'30""S","118° 19'30""E"
Wilkur,"36° 4'0""S","142° 40'0""E"
Willalooka,"36° 22'30""S","140° 22'0""E"
Willandra Lakes (Ext),"33° 50'0""S","142° 44'0""E"
Willaura,"37° 33'0""S","142° 45'0""E"
Williams,"32° 59'0""S","116° 57'0""E"
Willow Tree,"31° 42'0""S","150° 36'0""E"
Willowie,"32° 42'30""S","138° 18'0""E"
Willows,"23° 44'28""S","147° 32'12""E"
Willunga,"35° 17'30""S","138° 35'30""E"
Wilmington,"32° 41'0""S","138° 7'0""E"
Wilpena,"32° 25'0""S","136° 51'0""E"
Wiluna,"26° 32'0""S","118° 44'30""E"
Winchelsea South,"38° 15'0""S","143° 53'0""E"
Winchendon Vale,"34° 42'10""S","147° 23'0""E"
Windera,"26° 4'30""S","151° 50'30""E"
Windeyer,"32° 48'30""S","149° 33'30""E"
Windsor (NSW),"33° 35'0""S","150° 49'0""E"
Windsor (SA),"34° 25'30""S","138° 20'0""E"
Wingeel,"38° 5'30""S","143° 52'0""E"
Winnaleah,"41° 8'0""S","147° 51'0""E"
Winton (QLD),"22° 23'30""S","143° 2'30""E"
Winton (VIC),"36° 31'30""S","146° 7'0""E"
Wirrega,"36° 9'55""S","140° 39'0""E"
Wirrinya,"33° 40'0""S","147° 47'30""E"
Wirrulla,"32° 24'18""S","134° 31'46""E"
Wisemans Ferry,"33° 28'0""S","151° 0'30""E"
Wittenoom,"22° 52'0""S","118° 5'0""E"
Wollar,"32° 26'0""S","149° 50'30""E"
Wollomombi,"30° 33'0""S","151° 59'0""E"
Wollongong,"34° 25'30""S","150° 50'30""E"
Wolvi,"26° 10'30""S","152° 51'30""E"
Wombelano,"37° 0'15""S","141° 39'0""E"
Wombeyan Caves,"34° 20'30""S","149° 58'0""E"
Womboota,"35° 52'0""S","144° 38'30""E"
Wonboyn Lake,"37° 12'0""S","149° 52'0""E"
Wondai,"26° 18'30""S","151° 51'30""E"
Wongan Hills,"30° 49'0""S","116° 42'0""E"
Wonthaggi,"38° 36'0""S","145° 43'0""E"
Woodanilling,"33° 33'50""S","117° 20'35""E"
Woodbine,"27° 48'30""S","152° 13'0""E"
Woodburn,"29° 3'0""S","153° 19'30""E"
Woodbury,"42° 13'30""S","147° 29'45""E"
Woodenbong,"28° 22'50""S","152° 41'20""E"
Woodend,"37° 22'30""S","144° 32'30""E"
Woodford,"26° 57'0""S","152° 45'30""E"
Woodhouse,"37° 48'0""S","142° 27'0""E"
Woodhouselee,"34° 35'30""S","149° 36'0""E"
Woods Point,"37° 31'0""S","146° 12'35""E"
Woodside (SA),"34° 52'30""S","138° 52'0""E"
Woodside (VIC),"38° 29'30""S","146° 52'0""E"
Woodstock (NSW),"33° 47'0""S","148° 53'30""E"
Woodstock (QLD),"19° 34'0""S","146° 53'0""E"
Woogenilup,"34° 32'30""S","117° 55'0""E"
Wooli,"29° 45'30""S","153° 13'0""E"
Woolooga,"26° 3'0""S","152° 27'30""E"
Woolsthorpe,"38° 7'30""S","142° 28'0""E"
Woomelang,"35° 40'0""S","142° 37'0""E"
Woomera,"31° 11'30""S","136° 48'0""E"
Woorabinda,"24° 3'30""S","149° 26'30""E"
Wootton,"32° 16'30""S","152° 13'30""E"
Wowan,"23° 50'0""S","150° 11'0""E"
Wrattonbully,"37° 6'30""S","140° 47'30""E"
Wubin,"29° 58'40""S","116° 40'24""E"
Wubin West,"30° 10'0""S","116° 31'30""E"
Wudinna,"33° 3'30""S","135° 22'0""E"
Wunkar,"34° 28'10""S","140° 19'40""E"
Wyaga,"28° 16'0""S","150° 33'30""E"
Wyalkatchem,"31° 8'30""S","117° 23'0""E"
Wyanga,"32° 25'0""S","148° 8'30""E"
Wycheproof,"36° 4'30""S","143° 16'0""E"
Wynarka,"35° 6'30""S","139° 48'0""E"
Wyndham,"15° 27'30""S","128° 6'0""E"
Wynyard,"41° 0'0""S","145° 33'30""E"
Wyong,"33° 14'0""S","151° 26'30""E"
Yaapeet,"35° 47'0""S","142° 7'0""E"
Yabmana,"33° 43'30""S","136° 40'0""E"
Yabulu,"19° 18'0""S","146° 32'0""E"
Yackandandah,"36° 23'0""S","146° 58'55""E"
Yakapari,"21° 1'30""S","148° 58'0""E"
Yalca,"35° 55'30""S","145° 15'0""E"
Yalgoo,"27° 21'30""S","116° 25'0""E"
Yallalong (Ext),"27° 21'30""S","116° 25'0""E"
Yambacoona,"39° 45'0""S","144° 0'0""E"
Yanchep,"31° 33'0""S","115° 46'20""E"
Yandanooka,"29° 16'30""S","115° 42'30""E"
Yandaran,"24° 44'0""S","152° 8'0""E"
Yankalilla,"35° 27'0""S","138° 26'30""E"
Yarck,"37° 4'0""S","145° 38'30""E"
Yaringa (Ext),"24° 48'0""S","114° 25'30""E"
Yarrabandai,"33° 4'30""S","147° 38'30""E"
Yarragrin,"31° 41'0""S","148° 57'0""E"
Yarram,"38° 34'0""S","146° 35'0""E"
Yarraman,"26° 52'0""S","152° 0'0""E"
Yarrawonga,"35° 59'50""S","145° 59'10""E"
Yarrie Lake,"30° 23'0""S","149° 27'30""E"
Yarrowitch,"31° 12'30""S","151° 50'0""E"
Yass,"34° 54'30""S","148° 58'30""E"
Yaven Creek,"35° 28'0""S","147° 59'0""E"
Yea,"37° 13'0""S","145° 27'30""E"
Yealering,"32° 35'30""S","117° 41'45""E"
Yeelanna,"34° 7'30""S","135° 47'30""E"
Yelarbon,"28° 37'30""S","150° 38'0""E"
Yelbeni,"31° 14'30""S","117° 41'50""E"
Yenda,"34° 17'30""S","146° 16'30""E"
Yeoval,"32° 42'0""S","148° 39'0""E"
Yeppoon,"23° 9'30""S","150° 42'0""E"
Yerecoin,"30° 56'0""S","116° 22'0""E"
Yerrinbool,"34° 22'30""S","150° 30'30""E"
Yetholme,"33° 31'0""S","149° 48'30""E"
Yetman,"28° 51'30""S","150° 40'30""E"
Yilgarn South,"31° 38'10""S","119° 13'20""E"
Yinnar,"38° 24'0""S","146° 23'0""E"
Yolla,"41° 13'30""S","145° 36'0""E"
York,"31° 52'0""S","116° 51'30""E"
Yorketown,"35° 0'30""S","137° 38'0""E"
Yorkrakine,"31° 25'0""S","117° 34'0""E"
Young,"34° 21'0""S","148° 15'30""E"
Yulara,"25° 28'0""S","129° 34'0""E"
Yuleba,"26° 23'0""S","149° 19'0""E"
Yumali,"35° 28'0""S","139° 51'30""E"
Yuna,"28° 23'0""S","114° 54'30""E"
Yuna East,"28° 25'30""S","115° 10'0""E"
Yunta,"32° 35'0""S","139° 28'0""E"
Zamia Creek (Ext),"24° 32'30""S","149° 36'0""E"
